{"schemaVersion":"1.0","appDefinitionTemplate":{"id":"/providers/Microsoft.PowerApps/apps/","type":"Microsoft.PowerApps/apps","tags":{"primaryDeviceWidth":"1527","primaryDeviceHeight":"685","supportsPortrait":"false","supportsLandscape":"true","primaryFormFactor":"Tablet","showStatusBar":"false","publisherVersion":"3.24111.9","minimumRequiredApiVersion":"2.2.0","hasComponent":"false","hasUnlockedComponent":"false","isUnifiedRootApp":"false","coauthoringEnabled":"true","multipleWritersEnabled":"true","acceptedCoauthoringTerms":"true","sienaVersion":"20241115T010309Z-3.24111.9.0"},"properties":{"appVersion":"2024-11-15T01:03:09Z","lifeCycleId":"Published","createdByClientVersion":{"major":3,"minor":24111,"build":9,"revision":0,"majorRevision":0,"minorRevision":0},"minClientVersion":{"major":3,"minor":24111,"build":9,"revision":0,"majorRevision":0,"minorRevision":0},"backgroundColor":"rgba(255, 255, 255, 1)","backgroundImageUri":"/8748379337928938653/N2864b7b1-8563-420c-973f-3b9be4c2a0b8-logoSmallFile","displayName":"SimpleModern-Starter","description":"","commitMessage":"","appUris":{"documentUri":{"value":"/8748379337928938653/N22a07d9b-d8a2-45b0-9b8a-c5da698c8de8-document.msapp"},"imageUris":[],"additionalUris":[{"isSolutionAware":false,"value":"/8748379337928938653/Nff7137c5-187f-472b-87b6-39db3ab6f608-identity.json"}]},"createdTime":"0001-01-01T00:00:00Z","lastModifiedTime":"0001-01-01T00:00:00Z","sharedGroupsCount":0,"sharedUsersCount":0,"connectionReferences":{},"databaseReferences":{},"almMode":"Environment","performanceOptimizationEnabled":false,"canConsumeAppPass":false,"enableModernRuntimeMode":false,"executionRestrictions":{"isTeamsOnly":false,"dataLossPreventionEvaluationResult":{"status":"Compliant","lastEvaluationDate":"2024-10-25T03:59:06.7085166Z","violations":[],"violationsByPolicy":[],"violationErrorMessage":"The app uses the following connectors: ."}}},"appType":"ClassicCanvasApp","appComponents":[]}}