{"schemaVersion":"1.0","appDefinitionTemplate":{"id":"/providers/Microsoft.PowerApps/apps/","type":"Microsoft.PowerApps/apps","tags":{"primaryDeviceWidth":"1366","primaryDeviceHeight":"768","supportsPortrait":"true","supportsLandscape":"true","primaryFormFactor":"Tablet","showStatusBar":"false","publisherVersion":"3.24111.11","minimumRequiredApiVersion":"2.2.0","hasComponent":"false","hasUnlockedComponent":"false","isUnifiedRootApp":"false","coauthoringEnabled":"true","multipleWritersEnabled":"true","acceptedCoauthoringTerms":"true","sienaVersion":"20241117T234537Z-3.24111.11.0"},"properties":{"appVersion":"2024-11-17T23:45:37Z","lifeCycleId":"Published","createdByClientVersion":{"major":3,"minor":24111,"build":11,"revision":0,"majorRevision":0,"minorRevision":0},"minClientVersion":{"major":3,"minor":24111,"build":11,"revision":0,"majorRevision":0,"minorRevision":0},"backgroundColor":"rgba(255, 255, 255, 1)","backgroundImageUri":"/8748379337928938653/Nd58a8ae9-ff75-45e6-b3cf-65499439fd80-logoSmallFile","displayName":"SimpleModern-Starter","description":"","commitMessage":"","appUris":{"documentUri":{"value":"/8748379337928938653/N728fa8a7-18a5-471b-bb4b-3edbffc4d344-document.msapp"},"imageUris":[],"additionalUris":[{"isSolutionAware":false,"value":"/8748379337928938653/Nb90c40e5-6b23-4b32-9a4c-57c8ab57d955-identity.json"}]},"createdTime":"0001-01-01T00:00:00Z","lastModifiedTime":"0001-01-01T00:00:00Z","sharedGroupsCount":0,"sharedUsersCount":0,"connectionReferences":{},"databaseReferences":{},"almMode":"Environment","performanceOptimizationEnabled":false,"canConsumeAppPass":false,"enableModernRuntimeMode":false,"executionRestrictions":{"isTeamsOnly":false,"dataLossPreventionEvaluationResult":{"status":"Compliant","lastEvaluationDate":"2024-10-25T03:59:06.7085166Z","violations":[],"violationsByPolicy":[],"violationErrorMessage":"The app uses the following connectors: ."}}},"appType":"ClassicCanvasApp","appComponents":[]}}