{"__Version":"0.1","App":"c9527525-77b0-4b7b-85d4-d910cbc19d51","Test_7F478737223C4B69":"a9bb1f7e-1683-4971-83dd-c96ca28a91a3","Host":"e8911a30-6266-4cad-aacc-b0cb938808f6","RoutingScreen":"1d9febd2-f7f0-41b8-bb97-74bfa0f7cf13","ButtonRoutingNext":"de6d896f-afa7-4220-b8d6-a2fcb172e4ac","MainScreen":"90f47dac-2029-4076-91bb-4df23fc416f0","RectangleMainMenu":"d1704ef8-9c38-4490-ac88-39e3c22c0ada","ButtonMainHamburger":"38ce00ae-23c1-4184-b920-f707a5e3814d","RectangleMainModalCover":"3e1219bf-2591-4748-b78d-116940cf29b4","CanvasMainContent":"631f2ffd-f740-4dbe-8c02-50c43248d480","DataCardMainContent1":"480101eb-3d51-4155-9da0-18741d833d9b","TextInputMainMenu1Top":"bb47a3a4-e0b8-4d67-978d-62cbd81d4284","ButtonMainMenu1Exit":"db4e2b05-d226-4927-904f-55cf08cd3e30","TextMainMenu1Title":"f95b7d7d-3957-4e77-8082-a3a35df2dfb6","TextMainMenu1MenuInstructions":"541e69e2-205d-4324-9cdf-80c15f3cc729","TextInputTabularDataSearch":"ee7f64d0-cc6f-4478-8155-94c0a7c35fae","ButtonTabularDataSearch":"27d700fa-4563-4b4a-9817-2884af53f14f","ButtonTabularDataClear":"2ae76031-fbb2-4eae-877c-208c3451179a","TextTabularDataCount":"64747eed-e7d3-4e8a-92c6-c38dfa65f445","TextTabularDataPaginationPage":"d00e6794-8f83-44ed-9de7-405ae3f30005","DropdownTabularDataPage":"ce5fb248-66ca-4aa6-a70e-67f1f32ad0dd","TextTabularDataPaginationTotal":"afc795f3-21c5-4291-a427-94c752846230","ButtonTabularDataPaginationPrevious":"437b0ba8-f921-449c-b651-6f11dd713aea","ButtonTabularDataPaginationNext":"93b343a7-bcda-4318-85c9-e50223cf75a6","ButtonTabularDataHeading1":"4fceefb5-5d33-4e29-9df1-acff8fd1ecf2","ButtonTabularDataHeading2":"67d36cb8-77d7-4188-bd9f-147bf5397623","ButtonTabularDataHeading3":"6038d46b-c4a3-46c9-b40a-407ca4788b2c","ButtonTabularDataHeading4":"d3552960-79e5-45cd-b954-e75a6a1a2fcf","ButtonTabularDataHeading5":"e0ca519c-df95-4ead-a110-17d622d63b41","TextTabularDataPlaceholder":"dedfda04-0d36-47d8-a21c-9eb9969d7f9f","GalleryTabularData":"a2833054-051d-43e7-9317-7fb3148571a1","galleryTemplate2":"64407d48-5b65-4f80-9708-858288d05a49","LabelGalleryTabularDataField1":"e03a24fb-0e5c-44b3-9e26-66e01efebce4","LabelGalleryTabularDataField2":"df648baa-0927-4379-8ba8-184b70321714","LabelGalleryTabularDataField3":"0dd803de-b893-49e5-ae5a-b2edf145fa50","LabelGalleryTabularDataField4":"183acc7d-3554-4e5e-861d-924b5cb738f9","LabelGalleryTabularDataField5":"a5ee2c1d-5410-49c8-9214-9930c27b3eb5","SeparatorGalleryTabularData":"5c831529-2503-450b-9204-81f3bbab2821","TextMainMenu1GalleryInstructions":"61c82882-0029-41bd-a698-a9fc79c79a6a","ButtonMainMenu1OpenModal":"8a77de01-0d6c-4eb9-a2f3-2d2116cf25cd","RectangleMainMenu1Footer":"65c7cf97-127f-4f0a-8e05-16e602cb05c6","GroupTabularData":"9d624391-113b-4a08-8d2f-025059a8d9fa","DataCardMainContent2":"b7991c07-b3fa-45d2-b605-1f61666e2ff6","TextInputMainMenu2Top":"f33d90b6-109f-4635-904b-2886e3f57d7d","ButtonMainMenu2Exit":"ab6157e8-89a3-4460-a441-b513305ccdf8","TextMainMenu2Title":"2e31c5fe-1708-4237-86d2-45f1ed75bdb3","TextMainMenu2Instructions":"2e6606ce-a112-444e-917b-4c9b2124157e","ButtonMainMenu2OpenModal":"ec8ff319-baf4-4b93-be02-08833707c885","RectangleMainMenu2Footer":"6f9eb9ba-110d-4923-9b15-54d1bbe1bc73","DataCardMainContent3":"70832e24-fea6-4402-a811-9eb7c0eaf90b","TextInputMainMenu3Top":"45532e5b-ab00-402b-8860-1178e639bb2f","ButtonMainMenu3Exit":"44277d48-5b57-444a-89c2-965e8311cd61","TextMainMenu3Title":"7eff05eb-b7f9-4b24-801c-ae954b4f9205","TextMainMenu3Instructions":"60290ae5-38b5-4b2c-9605-d13803b3cdd1","ButtonMainMenu3OpenModal":"2b5a17b0-76a1-4a97-939d-9149579ac1aa","RectangleMainMenu3Footer":"d1511b69-062d-4e77-bc6a-cee6bfd29166","RectangleMainModalPadding":"c19fa1a3-0a14-4797-93ce-c04de8ae2077","CanvasMainModal":"fadd1668-63de-4213-9c98-5617c9cda993","DataCardMainModal1":"37c1780d-4814-4486-bd1d-5fb7508f0e46","TextInputMainModal1Top":"fd78aa5f-837e-4ef1-bee6-237b9e01610d","ButtonMainModal1Close":"f7a62855-5c4f-4f75-8403-74edc533d397","TextMainModal1Title":"8c8521c0-08f0-486e-9d8c-e508dddebc0c","TextMainModal1Instructions":"5ef48048-d53e-415a-af57-8cd164a6620a","ButtonMainModal1Primary":"bf233034-62a0-41cb-8a8e-d0172f997865","ButtonMainModal1Secondary":"931a9321-389b-4b5d-82bc-23505213cfe6","RectangleMainModal1Footer":"c66b49cd-2daf-48f4-bb3b-1e1d97b36424","DataCardMainModal2":"a84517fe-9e99-4b25-851b-13dc3f1133ca","TextInputMainModal2Top":"b6aaa761-c150-47e1-9e56-637b1a2769a9","ButtonMainModal2Close":"69d682af-5f11-4310-80d6-a67dd15a1188","TextMainModal2Title":"610402d5-0ecc-4dd4-87ca-0004b8494039","TextMainModal2Instructions":"b1ecbf13-03f3-4713-8433-16fafb77f7ff","ButtonMainModal2Primary":"7ed696d2-b4c3-4b45-a8e2-95941fa8f356","ButtonMainModal2Secondary":"47ae99d5-e2a6-4ded-8947-31923c3309fa","RectangleMainModal2Footer":"fb708756-caa1-45bb-bfab-4050763de223","DataCardMainModal3":"3d094d4e-b0e3-4494-9836-3f034d216f66","TextInputMainModal3Top":"96830f4f-78cb-4641-92ab-354e3fdbd38e","ButtonMainModal3Close":"7b752239-3184-4bff-b909-e75f7146316d","TextMainModal3Title":"1a518162-566f-430a-8000-64518ea1ba65","TextMainModal3Instructions":"d13c6400-6132-4155-98df-980b79047539","ButtonMainModal3Primary":"a1f8b354-5ca1-4626-a48a-616aae1ce012","ButtonMainModal3Secondary":"22b0941b-0a09-4533-ab19-748afa021c3f","RectangleMainModal3Footer":"d0e86674-30e7-4f61-a24b-b186404b344f","GalleryMainMenu":"4488ff4c-0e42-4c86-9a07-1f94b16a351b","galleryTemplate1":"6f5983b4-50eb-4831-aad8-c621d8783f40","ButtonGalleryMainMenu":"b862b685-0198-48b5-9b84-c3d102932626","RectangleGalleryMainMenu":"608b0895-c368-44cc-b3da-ccb5b46a150b"}