{"schemaVersion":"1.0","appDefinitionTemplate":{"id":"/providers/Microsoft.PowerApps/apps/","type":"Microsoft.PowerApps/apps","tags":{"primaryDeviceWidth":"1527","primaryDeviceHeight":"653","supportsPortrait":"true","supportsLandscape":"true","primaryFormFactor":"Tablet","showStatusBar":"false","publisherVersion":"3.25021.9","minimumRequiredApiVersion":"2.2.0","hasComponent":"false","hasUnlockedComponent":"false","isUnifiedRootApp":"false","coauthoringEnabled":"true","multipleWritersEnabled":"true","acceptedCoauthoringTerms":"true","sienaVersion":"20250214T063006Z-3.25021.9.0"},"properties":{"appVersion":"2025-02-14T06:30:06Z","lifeCycleId":"Published","createdByClientVersion":{"major":3,"minor":25021,"build":9,"revision":0,"majorRevision":0,"minorRevision":0},"minClientVersion":{"major":3,"minor":25021,"build":9,"revision":0,"majorRevision":0,"minorRevision":0},"backgroundColor":"rgba(255, 255, 255, 1)","backgroundImageUri":"/13238733782601063738/Nda251277-9c5d-4575-8bff-e89db204e681-logoSmallFile","displayName":"SimpleModern-Starter","description":"","commitMessage":"","appUris":{"documentUri":{"value":"/13238733782601063738/Nebc589aa-ba5f-4826-89fa-bbcb0605c460-document.msapp"},"imageUris":[],"additionalUris":[{"isSolutionAware":false,"value":"/13238733782601063738/N6888d088-ce6f-40a8-829e-524b8afa460a-identity.json"}]},"createdTime":"0001-01-01T00:00:00Z","lastModifiedTime":"0001-01-01T00:00:00Z","sharedGroupsCount":0,"sharedUsersCount":0,"connectionReferences":{"b0a51b64-fce7-4d2c-92d6-31fd83e28f4e":{"id":"4ad9289b-76b4-48df-ae70-d30f110b23b8","displayName":"Office 365 Outlook","iconUri":"https://conn-afd-prod-endpoint-bmc9bqahasf3grgk.b01.azurefd.net/releases/v1.0.1722/1.0.1722.3975/office365/icon.png","dataSources":["Office365Outlook"],"dependencies":[],"dependents":[],"parameterHints":{},"parameterHintsV2":{},"isOnPremiseConnection":false,"bypassConsent":false,"dataSets":{},"apiTier":"Standard","isCustomApiConnection":false},"4634564c-7fdb-44d5-ac43-55c6eeea6fe4":{"id":"a6f9aed2-259e-441b-8424-3d0c935da11d","displayName":"Office 365 Users","iconUri":"https://conn-afd-prod-endpoint-bmc9bqahasf3grgk.b01.azurefd.net/releases/v1.0.1732/1.0.1732.4070/office365users/icon.png","dataSources":["Office365Users"],"dependencies":[],"dependents":[],"parameterHints":{},"parameterHintsV2":{},"isOnPremiseConnection":false,"bypassConsent":false,"dataSets":{},"apiTier":"Standard","isCustomApiConnection":false,"actions":["SearchUserV2"]}},"databaseReferences":{},"almMode":"Environment","performanceOptimizationEnabled":false,"canConsumeAppPass":false,"enableModernRuntimeMode":false,"executionRestrictions":{"isTeamsOnly":false,"dataLossPreventionEvaluationResult":{"status":"Compliant","lastEvaluationDate":"2024-11-15T01:45:20.6869795Z","violations":[],"violationsByPolicy":[],"violationErrorMessage":"The app uses the following connectors: shared_logicflows, shared_sharepointonline."},"httpActionRestriction":{"appUsesSharepointHttpAction":false,"enforcementStrategy":"Legacy","evaluationTime":"2024-11-15T01:45:20.6868499Z"}}},"isAppComponentLibrary":false,"appType":"ClassicCanvasApp","appComponents":[]}}