{"__Version":"0.1","App":"56a4d58c-72aa-49f4-81ea-c9080335b39e","Test_7F478737223C4B69":"3d8d0e28-6278-4d0d-a016-ed09010031ed","Host":"14fd2662-154e-4b53-a5dd-5592badb5c07","RoutingScreen":"f1bc7b19-de8b-44ba-a2bc-c01891148404","ButtonRoutingNext":"ef907159-6527-4798-95ce-0a1e9ae9912c","MainScreen":"81e8d899-95ec-46e6-92cd-81f5e9b08784","RectangleMainMenu":"fa25a5dd-87e0-45bc-bf12-b52db52e36ae","ButtonMainHamburger":"98a41f7e-933b-41d6-8370-9a5fe08c564e","RectangleMainModalCover":"0a39ba0a-82bc-4a42-9a14-963ce927f629","CanvasMainContent":"0e450e46-6e01-412d-bba3-bf13817bc7c5","DataCardMainContent1":"e25254b9-915a-4c08-b7e1-7a58ee00f2b0","TextInputMainMenu1Top":"9472f85d-e5c1-4995-a5c0-2ae358661926","ButtonMainMenu1Exit":"cf43da49-5777-42d1-8e58-7f3b2945ed69","TextMainMenu1Title":"6d3510ee-e76c-4c73-9288-076998712d6d","TextMainMenu1MenuInstructions":"a791de08-df17-4a71-8405-1ab188224669","TextInputTabularDataSearch":"41140c04-9c3b-4aa5-adb5-c84777f00be1","ButtonTabularDataSearch":"86da732b-425c-47e1-ab16-d8754d7d9c91","ButtonTabularDataClear":"dd473dcb-465e-447c-aeee-37c0727e19ec","TextTabularDataCount":"d9303c42-7b5a-405a-8a9e-b790930a2270","TextTabularDataPaginationPage":"1ac824dc-2dd7-4818-895a-3943b4a74a44","DropdownTabularDataPage":"8ffaad7e-ca85-4a92-8537-b0dc82f788ee","TextTabularDataPaginationTotal":"3528ceb3-bee8-4ebd-95e5-352100f48b0e","ButtonTabularDataPaginationPrevious":"95304be7-b2de-42b3-882b-737c9761559c","ButtonTabularDataPaginationNext":"71760008-0d32-46e2-bca9-c42fc71e0003","ButtonTabularDataHeading1":"3958af80-f37c-4546-8d59-550363c3726e","ButtonTabularDataHeading2":"5e40285e-ee77-48c5-9080-7751a659f645","ButtonTabularDataHeading3":"19fc4056-6684-4010-8717-a27ac2e57bd3","ButtonTabularDataHeading4":"89a81fdc-58ed-4b5b-8386-f0773330aa0c","ButtonTabularDataHeading5":"2f0b7b67-cb79-4067-9300-8f9da62469ba","TextTabularDataPlaceholder":"ddb5122e-65c9-4ed4-9600-9a6ef690a440","GalleryTabularData":"6b9a0069-3451-4edd-99d0-fcf3de7c7a5e","galleryTemplate2":"a7f19e50-a949-441a-8d5c-284edc54d1d8","LabelGalleryTabularDataField1":"55d13eac-e098-40fa-b3e5-108d3bba5819","LabelGalleryTabularDataField2":"43567d7b-00dd-4df0-aa93-487c719a59f7","LabelGalleryTabularDataField3":"096873d2-10a0-4a87-ae4f-4b8f16bbcfe0","LabelGalleryTabularDataField4":"0211fa91-a403-45bf-8b1f-bb654f495071","LabelGalleryTabularDataField5":"ccdb5d01-9dfc-4088-9cb9-50a05ed2653d","SeparatorGalleryTabularData":"9bc187da-38e0-4366-92c0-c6ed6074c0c7","TextMainMenu1GalleryInstructions":"e97a3ba2-e72c-487d-80e4-78e8845b09e2","ButtonMainMenu1OpenModal":"dd516b80-0cea-4a1d-90f3-f3fceb60311b","RectangleMainMenu1Footer":"babd050a-58e2-4036-a249-8b2ad63f942c","GroupTabularData":"556c0520-6b5e-4a36-a644-eb9e05b30383","DataCardMainContent2":"3be9bd26-3307-48ff-b422-447e3c27f0a5","TextInputMainMenu2Top":"72468100-21e8-4ce4-8e1c-82d73d1fa33e","ButtonMainMenu2Exit":"79f3a4de-00c9-4b68-a935-0e008a27cd2e","TextMainMenu2Title":"765a1fa7-d766-40fc-9f98-4fd8362d7c05","TextMainMenu2Instructions":"3cc9e09a-bc1d-4a83-a195-834b82ba9ab5","DropdownResultSetGroup":"5f281737-d992-420c-aa7a-43dc58ede78a","TextInputResultSetSearch":"a6742881-9e7f-4541-843a-cca8cf96b124","ButtonResultSetClear":"75587894-2a12-4f52-a019-a35d8de2df1f","ButtonResultSetSearch":"78fce9c2-daa8-4fc2-a5c4-7284f4dc3e9d","TextResultSetCount":"8a2e56d7-b5c9-411a-b651-bf3795ac3661","TextResultSetPaginationPage":"e1090933-3fe5-464e-afb7-8e1b74300b24","DropdownResultSetPage":"79fa0e56-59b5-4bb6-b43a-2f38ddfaf622","TextResultSetPaginationTotal":"e9ca376c-9768-41c8-a740-a3bf1920e08d","ButtonResultSetPaginationPrevious":"a8d53d03-a711-41ed-8bf7-fb67c3ac7f5a","ButtonResultSetPaginationNext":"c7d27296-980c-441b-b5ce-47d83471606e","ButtonResultSetHeading1":"8db662d4-c031-415d-b214-3617c2d25aee","ButtonResultSetHeading2":"e7c444f8-e30b-4593-9817-6fa31fe4572e","ButtonResultSetHeading3":"55cbd33f-1806-40ed-bb8c-3cd79819f663","ButtonResultSetHeading4":"a8175eba-099f-478a-a82e-298f04c4fc33","ButtonResultSetHeading5":"27f6bf49-79d5-4f88-8aa1-9780b45d8f13","TextResultSetPlaceholder":"ea046083-780e-41a8-b277-965c63ad9c18","GalleryResultSet":"73611157-24d5-4524-ae7d-b325ba1a1121","galleryTemplate2_1":"19eb14f4-9cbe-4680-898b-da27ac418710","LabelGalleryResultSetField1":"056d1966-30c2-4a95-bfc5-b7b06c06043e","LabelGalleryResultSetField2":"94e21bba-0ff0-4cb6-8462-ccb4af454be7","LabelGalleryResultSetField3":"f8f2f269-1c79-4c58-999b-2d99a7ddcbed","LabelGalleryResultSetField4":"311fe879-c5b8-4f5e-bbc7-24aaeaf569d5","LabelGalleryResultSetField5":"1576c417-cb16-45b3-a11f-c4e64d87fbf7","SeparatorGalleryResultSet":"f809b44e-e5d8-4ef3-b128-fba519a1207b","ButtonMainMenu2OpenModal":"623bd1e1-9ee7-4d07-9fd2-28756827b7ea","RectangleMainMenu2Footer":"75476274-0de9-4046-8832-96c025524819","GroupResultSet":"9eaa34bd-5c24-425e-b5c0-0b3f1abf75ba","DataCardMainContent3":"3b935394-4fd4-468f-a01a-d346d86d732b","TextInputMainMenu3Top":"cea073e0-b296-432d-9db9-f85522dd4c3e","ButtonMainMenu3Exit":"4a1e66f7-0d90-402f-8e44-530b4cb879f7","TextMainMenu3Title":"65bd4a9f-b1ac-4292-89a8-8c544aac718c","TextMainMenu3Instructions":"6053fcf1-2bc0-4a78-8531-dd1bd72d71d6","ComboBoxExamplePerson":"aff78271-37ec-4dd3-8da8-28cdc74aafc0","DropdownExample":"184aa95b-bd5c-4827-909e-5b7663e519a3","CheckboxExample":"f75a6f00-78d9-4eea-a86b-7a9d2ab3b607","RadioExample":"87dbd90e-4f16-4763-8965-7461e38a6144","ToggleExample":"9bd88b5a-2d9e-49e0-9d3e-e13ce07e1189","ButtonMainMenu3OpenModal":"e1856970-67d5-450c-8cfb-2da9318a85a0","RectangleMainMenu3Footer":"6fbc2fb0-bbcc-4140-85eb-80ec7b553a65","RectangleMainModalPadding":"5259298c-1f36-4cad-a82b-0c4c83d6386b","CanvasMainModal":"b2885aba-25ae-415e-9964-856ab3f0197c","DataCardMainModal1":"d2393f57-1ae9-43ae-b496-f135d797dfd4","TextInputMainModal1Top":"cf0c78c8-6b11-48d9-8676-3536fb1730e3","ButtonMainModal1Close":"f97955e2-fa3a-423e-93a5-06219e7bdb36","TextMainModal1Title":"40d2c444-9636-43a1-af67-4ff672a989c7","TextMainModal1Instructions":"8f8fe82d-0c76-4c1a-bdd5-752f4bc5901a","ButtonMainModal1Primary":"773e7538-45ec-4672-966d-4d8ef6441ee7","ButtonMainModal1Secondary":"a56660f7-1008-4ef5-958c-64a516053188","TextMainModal1Processing":"91f6a87d-a136-48b6-9be4-7c3bdf558323","RectangleMainModal1Footer":"2c2b5f6e-1761-45e6-94c3-cbfb67de6d1e","DataCardMainModal2":"f72d5e90-8a14-423d-aa7f-2a80065fda72","TextInputMainModal2Top":"6282c93f-2cfd-4ca8-a8dd-e6e144bbe6cc","ButtonMainModal2Close":"3d35fff3-af14-4e95-8dc5-d7ba3a47dfa0","TextMainModal2Title":"ac4941e0-5c27-44b8-830d-61004dc637a6","TextMainModal2Instructions":"544cd458-294c-45c2-a95e-2246f9e8c0c9","ButtonMainModal2Primary":"27e224aa-fdfb-49cd-895b-1e501f1eb8c9","ButtonMainModal2Secondary":"3abbd975-6a14-43d4-aff5-1b84951cfa7f","TextMainModal2Processing":"3c60aaf0-98b9-4ce4-a1d4-0568de07156e","RectangleMainModal2Footer":"95bfd71a-a7fe-455c-a732-a13d2cfd1f15","DataCardMainModal3":"63617956-3f03-4b9f-871c-d3b26e3f2b6d","TextInputMainModal3Top":"8bc1f1f5-a30a-4ec2-95b0-1e54f1874533","ButtonMainModal3Close":"5cc95b5b-b032-4ff3-bdc0-d7b3be11279a","TextMainModal3Title":"037a3a69-afa2-4f58-8e6c-b0eba39dcfb1","TextMainModal3Instructions":"1139b5ab-00e9-4c80-b9fc-f68350e2f544","ButtonMainModal3Primary":"ce444649-d430-4bfc-b855-8cdb286cac58","ButtonMainModal3Secondary":"5a44293a-1fad-4689-8e5a-eab927f57cda","TextMainModal3Processing":"1d52c13f-23ea-4939-b1a1-238970b0799f","RectangleMainModal3Footer":"a9ab7f94-996a-4327-8c06-f0870b3c496c","GalleryMainMenu":"214bf58c-75c4-4b2b-8f47-e651cf8776d0","galleryTemplate1":"78d8d527-f3c5-4a39-8a9b-1d84de5567b2","ButtonGalleryMainMenu":"6098b098-4ed7-4fbf-a8da-977c8f61630e","RectangleGalleryMainMenu":"bd0d7155-c0df-4ff6-9dae-cdf330641dc2","SystemScreen":"7848bb0a-06d9-47be-b8fc-fcbabc93c7df","ButtonSystemExit":"a01b7620-7fdc-4c31-b76f-639883b8c202","TextSystemMessage":"37e78ffe-b95f-47ea-bd12-034bf7695a06"}