{"__Version":"0.1","App":"c8da003f-b8b1-47a5-b96b-9589f1f45b5d","Test_7F478737223C4B69":"4445e6e3-13e7-4695-95a5-517ccad86b2d","Host":"89232acc-6cd1-472c-86e9-c74d39d77dd5","RoutingScreen":"730b8b18-6ccc-449a-8035-3947f5a058be","ButtonRoutingNext":"eb690f81-fe21-4dc8-8d0a-a9eefd087508","MainScreen":"5cf1373d-b816-4d23-aabe-0986f62c8714","RectangleMainMenu":"a53cf134-7c32-43e4-a270-5b6df2c4a823","ButtonMainHamburger":"a29ca77a-d186-4020-a439-554b053d6285","RectangleMainModalCover":"064bf614-2fa0-436a-99e3-c13b1113a4c0","CanvasMainContent":"6207860e-e35f-4e71-83e3-68950e1dd763","DataCardMainContent1":"a264ff2a-c97d-48bf-bf59-efb71eb99453","TextInputMainMenu1Top":"30200351-ec71-4662-8e1a-5ea8b4638d43","ButtonMainMenu1Exit":"98ae4d05-f1c3-48fc-b15e-043a73b443b2","TextMainMenu1Title":"cc0b7eb8-8f0f-462c-bec9-2ee1382bc6f3","TextMainMenu1MenuInstructions":"703d7bf0-f06e-4c5e-b4a2-026b84a1f16b","TextInputTabularDataSearch":"a04ff902-f26e-4ea2-996a-8ef89a3660d9","ButtonTabularDataSearch":"e2fa5788-de36-4cc8-a01c-b1ed3bfdb630","ButtonTabularDataClear":"ed8be6a3-37fe-4af5-970f-24b2163be384","TextTabularDataCount":"470cfe85-4a22-4bdb-bc00-a11d836a32b9","TextTabularDataPaginationPage":"3ddd7f17-fb9a-48e3-8bac-af9d7352e8c1","DropdownTabularDataPage":"fad4f355-dd2b-4a63-9c73-3d7bd5e39f86","TextTabularDataPaginationTotal":"919093e4-d174-4ef5-a5de-9ca8668e55f0","ButtonTabularDataPaginationPrevious":"0a2c7b16-5f17-429e-9702-f1348f5af0e0","ButtonTabularDataPaginationNext":"3579d276-5e70-489f-8e33-7a024e914537","ButtonTabularDataHeading1":"b0ca7b74-a913-4b59-8497-59921245412e","ButtonTabularDataHeading2":"dd417864-ec44-4cd6-91dc-616750195b66","ButtonTabularDataHeading3":"0aeea210-2280-4763-8507-61d220e351b1","ButtonTabularDataHeading4":"b714cde7-445f-46b9-93b1-927216ae9971","ButtonTabularDataHeading5":"6a246f58-aa49-4396-af8b-4d5cb137b943","TextTabularDataPlaceholder":"97f0fa3c-eeb0-4d06-aecd-2c09f33994c9","GalleryTabularData":"74183917-a8be-4123-8c58-865cadf96d52","galleryTemplate2":"8b78d049-aba2-43b5-a262-ef9d3ff1d6cc","LabelGalleryTabularDataField1":"ff8db5f8-a4d5-453e-af22-19c9cf9e6cf6","LabelGalleryTabularDataField2":"c9a5d9a7-123f-4eac-98cf-a1fedf621ecb","LabelGalleryTabularDataField3":"5a1193d1-f74d-4206-90f1-339fd71e6b68","LabelGalleryTabularDataField4":"e84ece84-2f49-47c2-bd80-fb7a18cefaf3","LabelGalleryTabularDataField5":"7bba5e9e-1ae7-4f12-b1fa-9e138bfe3346","SeparatorGalleryTabularData":"f93e098b-7af0-4bf5-9b12-0be061b50ea7","TextMainMenu1GalleryInstructions":"afbdb53f-6b98-4a6c-b807-16bd888e4372","ButtonMainMenu1OpenModal":"5646ba37-8adb-4e59-8fd3-ee2075a7876a","RectangleMainMenu1Footer":"a5205fdf-4eab-4d20-af13-078f72fe9f39","GroupTabularData":"6052898f-66be-4002-8839-5d1dcbaea183","DataCardMainContent2":"c8455099-5260-41c3-8ba8-a0426babe762","TextInputMainMenu2Top":"fd884c36-66ae-4c6e-90e2-20a1d2ab344d","ButtonMainMenu2Exit":"2174a29c-ccc5-4e8e-8a10-5970eaae0d84","TextMainMenu2Title":"3365eb82-1cd0-4ccc-a9dc-92c9be9f2455","TextMainMenu2Instructions":"e30abf88-459e-4b7a-9ab8-f063710095d5","DropdownResultSetGroup":"88698bc0-a20e-4825-b8a0-81920a54a415","TextInputResultSetSearch":"51089249-17ea-48f4-83d0-2ce052a26341","ButtonResultSetClear":"1dd787c3-2c0c-40b3-8496-8423c725dea5","ButtonResultSetSearch":"6317360f-8586-4d5c-9796-73fe5a1caafb","TextResultSetCount":"b702aea7-8e47-49f0-95b8-ea803c7d29c1","TextResultSetPaginationPage":"dae89930-85a5-4d9d-9896-35cb52bc5b99","DropdownResultSetPage":"b4134497-bc4f-4efb-a17f-cf1600e7662b","TextResultSetPaginationTotal":"289dbead-9034-4b11-bf09-e1e080debd33","ButtonResultSetPaginationPrevious":"c0dc7077-310c-445e-83b3-1398c91317a3","ButtonResultSetPaginationNext":"77018e12-46f9-4740-a0a3-e8984e35d0ce","ButtonResultSetHeading1":"64c4e19d-bc9b-42ca-af9d-5350681dec4f","ButtonResultSetHeading2":"102f26fa-12f5-4475-b7e9-0967dc712472","ButtonResultSetHeading3":"aa31e18f-d8b8-43fe-9646-9e4890aa6df8","ButtonResultSetHeading4":"fb0a618b-d6d3-4b48-94d5-86a894068e51","ButtonResultSetHeading5":"63fe4b34-e2f9-46b1-bbad-2f4dc2e01878","TextResultSetPlaceholder":"b1653bb6-188b-4958-be73-c6b080a82666","GalleryResultSet":"59f2b33e-622a-4d9d-b929-6213de18a33f","galleryTemplate2_1":"54e6cf81-a9e6-49fd-aa29-3bc70635a407","LabelGalleryResultSetField1":"91d33b19-9626-48ce-b2db-347f5b0bdfe3","LabelGalleryResultSetField2":"573c4910-44d6-43cb-821f-ca885cb9742b","LabelGalleryResultSetField3":"dd4cfeca-fcc6-4862-9ffa-a608a536ebfb","LabelGalleryResultSetField4":"617d8357-dbcc-4d30-9e4f-4efbd1d461c5","LabelGalleryResultSetField5":"a3683a7b-b21e-4679-93d5-3ad7fd6e8316","SeparatorGalleryResultSet":"f9b0c2bb-7b74-4996-b07c-c5b8558516c3","ButtonMainMenu2OpenModal":"71882902-65e8-4c03-b993-356450f3acbe","RectangleMainMenu2Footer":"36a7012b-815d-4804-be62-c420c4e79c83","GroupResultSet":"87ff19ad-a81d-4628-88bc-c4011a34c843","DataCardMainContent3":"fc6ced6c-3e05-4909-b938-5ed3373a2313","TextInputMainMenu3Top":"9a68eb41-3b11-4bce-9e04-a2a89ddc3830","ButtonMainMenu3Exit":"ff6625bb-39ab-4d0a-b222-3116c0a57298","TextMainMenu3Title":"94a90da3-93f3-4b19-a873-f459dee72cc7","TextMainMenu3Instructions":"d0ea01a4-4154-4bf4-ab5f-7f7f22fb2645","ComboBoxExamplePerson":"e1983aea-affc-4334-bb57-39ee4d855528","DropdownExample":"16c400dc-fff3-4522-b694-dac45d605b5c","CheckboxExample":"8911abd8-d808-4647-a91e-7af6b7e464f7","RadioExample":"affc1324-2e9c-4489-a00d-a42fc5f52f90","ToggleExample":"685cab77-8420-442b-b88b-c99135da5cdc","ButtonMainMenu3OpenModal":"f055164e-f3c3-491d-8da3-9f3e4aa12ff5","RectangleMainMenu3Footer":"b03c7b74-e161-4eb4-b8d6-792595ebc947","RectangleMainModalPadding":"3d987381-8b04-471e-b854-66d1c3b0b7bd","CanvasMainModal":"961bc962-a683-4719-81d1-6cfe4429fb61","DataCardMainModal1":"8ec2ef29-7025-4706-964e-38498ecd1285","TextInputMainModal1Top":"0b8a6acb-26fe-4537-bd86-9cd135d17642","ButtonMainModal1Close":"56c4bf5f-9384-4633-9039-0182b39a18b5","TextMainModal1Title":"1a410648-3bad-493f-9553-8c0427d1060f","TextMainModal1Instructions":"2cc5d2a7-ac97-415a-98a9-c52ad0161008","ButtonMainModal1Primary":"21fbd03e-ed71-4718-84b4-5a9c8a5e921f","ButtonMainModal1Secondary":"28971f93-9505-45c4-9a3a-7feefd143c37","RectangleMainModal1Footer":"98389fb0-6880-41d0-a615-cd7da6aa89ac","DataCardMainModal2":"8749f8b5-cfc1-4823-bc78-9d454a7923b0","TextInputMainModal2Top":"0db90ed0-1a5a-478d-b523-831939009aba","ButtonMainModal2Close":"7725c5c0-24ba-4a1d-9ebb-fa3927ed83d5","TextMainModal2Title":"9d75a0b2-9599-4b7a-bd95-eaaf8118e9c3","TextMainModal2Instructions":"e32fe8a1-1544-437c-8103-5a07286f73a9","ButtonMainModal2Primary":"21c2ddbd-79e4-483e-b1c9-f0f271f0fd7c","ButtonMainModal2Secondary":"d7b79d54-0181-47a3-9197-edc5d6cd4b43","RectangleMainModal2Footer":"1efecbea-62de-4fc4-85c0-29787ca97336","DataCardMainModal3":"320eef04-7cdb-4bde-b8ab-8ea891b0db9f","TextInputMainModal3Top":"bae843bb-b4e6-4857-bcf4-f49841c548d7","ButtonMainModal3Close":"03177575-082c-4987-b2ca-47cd2ff52b11","TextMainModal3Title":"316103ac-7b41-41db-932a-b0070d71ccc1","TextMainModal3Instructions":"54820565-001a-48da-b6bd-f16dd6af671f","ButtonMainModal3Primary":"5e0d4fc7-26b4-4d21-958c-177ac66e2770","ButtonMainModal3Secondary":"cd6331be-285c-40a7-b0e4-74350b8c5370","RectangleMainModal3Footer":"77988f50-d666-49c1-b5b0-5a591da6a42a","GalleryMainMenu":"03a0fe77-d55f-4bcc-b662-b0451fe0ddf0","galleryTemplate1":"7146ade2-24b8-4b78-bafa-9661f9171c02","ButtonGalleryMainMenu":"5ad74c3e-2696-4b5c-adea-332149d21809","RectangleGalleryMainMenu":"e04b888b-a7ed-4b0c-8abd-e6129f19e0b3","SystemScreen":"d0c14d5f-19a2-4302-9adc-5595da74fb9d","ButtonSystemExit":"62589b85-6dcc-4951-a72f-c0012348e8de","TextSystemMessage":"514942f6-6557-4e01-83e7-c014b898c3bb"}