{"__Version":"0.1","App":"f605fcd6-3949-4f57-b467-5bb7b1aa9e7a","Test_7F478737223C4B69":"38f6e40d-4044-4346-9b57-396f2267ebdd","Host":"4e6b6ffe-0f03-427b-b51d-a862e7da40b5","RoutingScreen":"2026a8d5-6a26-4bd3-8eee-e871d9f12363","ButtonRoutingNext":"9569054d-baa8-4794-8d7d-76f6ad528d34","MainScreen":"4dc78a1e-c5e5-4bc5-a9a5-43b2d1b3881a","RectangleMainMenu":"f66d0059-7aeb-4c48-86ce-dfac820e29f2","ButtonMainHamburger":"c76cb7ab-e332-45f3-87c2-d43c59c89548","RectangleMainModalCover":"119f8b45-eb36-49e3-b91b-c672690d64c4","CanvasMainContent":"58f8a90c-2683-4813-a260-694be5ef0bbe","DataCardMainContent1":"f0f852f6-7023-492f-8f97-3c8380f784a2","TextInputMainMenu1Top":"f4c8848f-d3cb-4b12-a7a0-93c3a444db6c","ButtonMainMenu1Exit":"186a1785-7210-4924-8f46-60207989d849","TextMainMenu1Title":"9e8ac005-15ce-4f78-9708-aba6a01adfb8","TextMainMenu1MenuInstructions":"fbc1fc76-c8ab-4fe2-a223-83a03d29a482","TextInputTabularDataSearch":"068bcf36-178b-4bac-8509-2bd156bab7c8","ButtonTabularDataSearch":"6a7d9597-2d17-42f9-8962-9ea0252efda4","ButtonTabularDataClear":"5bbd1888-a74c-4b0c-866e-71f649818e2b","TextTabularDataCount":"1ad7fee6-6281-4d2c-9387-95eccb79a10f","TextTabularDataPaginationPage":"728f3efa-f834-4f55-9d8a-f5c6bdca2801","DropdownTabularDataPage":"c9e4c15f-9b37-47fb-a5cd-f3fd4793eacf","TextTabularDataPaginationTotal":"80ed10ec-e7be-46be-855f-85c39a932573","ButtonTabularDataPaginationPrevious":"04202ab5-f181-48f2-9a15-58a81208b727","ButtonTabularDataPaginationNext":"aac924f1-a5aa-4052-a2d0-4db5a6cc867d","ButtonTabularDataHeading1":"4ec90b66-2b43-4399-b00c-fa62eaeb4e01","ButtonTabularDataHeading2":"3326ca78-801e-4827-8b34-36cbf009e9ff","ButtonTabularDataHeading3":"36b24469-775c-4aba-9d16-b90e287b6123","ButtonTabularDataHeading4":"0584c75b-2911-4ef9-9456-7203e19046d2","ButtonTabularDataHeading5":"bc60cb25-4c78-4fdc-a64e-865a7b086c27","TextTabularDataPlaceholder":"4d131e98-1262-49bc-baa4-648b8bcad210","GalleryTabularData":"29cd68d9-bf66-4590-8541-dfe6214ba360","galleryTemplate2":"71a9327f-f758-48b4-bd17-262dc1ca260a","LabelGalleryTabularDataField1":"807350ae-0fdd-418f-9865-13c981a980fe","LabelGalleryTabularDataField2":"e860531a-5a4d-4549-a2e3-cb50f5c656bb","LabelGalleryTabularDataField3":"14af05b6-87d5-4366-a962-f145b2fe182c","LabelGalleryTabularDataField4":"4cc8ecb8-4a71-4729-9f72-2d6167bfacdc","LabelGalleryTabularDataField5":"c6d8336b-2774-4a88-a371-3adf4c69b260","SeparatorGalleryTabularData":"ccfa8463-2422-4832-8e79-be016dd06cac","TextMainMenu1GalleryInstructions":"899f9aa5-54ff-49cc-939a-2a52f117ef3d","ButtonMainMenu1OpenModal":"d3ce5c9f-667b-45cc-bc8a-2b803840cfae","RectangleMainMenu1Footer":"dd33886d-c726-4836-aef2-6f0af58c3c55","GroupTabularData":"7751d2c5-86ac-4484-a20d-510a6f668a85","DataCardMainContent2":"a90edd62-9a93-4699-aa97-3caf9f5eb8ac","TextInputMainMenu2Top":"ce88e514-6850-4ad5-8d8e-ea4ccfb4dc7b","ButtonMainMenu2Exit":"830eaa34-3a1e-4750-aef0-68b83294a2a1","TextMainMenu2Title":"bf03093d-d46e-401c-a086-c7e050dd1d3d","TextMainMenu2Instructions":"c8c20e67-dab8-48cc-aaa0-6358c2c938e7","DropdownResultSetGroup":"a521162e-7728-47b2-9a37-883510c7100d","TextInputResultSetSearch":"617d04dc-2dd0-4e63-a0a8-1d98acc0ae30","ButtonResultSetClear":"88aaad6c-203a-428f-8860-420f2ba82567","ButtonResultSetSearch":"115ba850-b352-4ca3-8993-c6247eec51a7","TextResultSetCount":"b61decec-06a4-486b-8696-51cab3c131c4","TextResultSetPaginationPage":"ea8ce9cd-6d78-48f5-9688-f73b90a693de","DropdownResultSetPage":"1a1b74f0-17d6-4836-84c9-bdad2bb099d6","TextResultSetPaginationTotal":"88ab31ed-f232-420c-9680-cf786984ce64","ButtonResultSetPaginationPrevious":"ac3e9b56-3bfd-4740-9fef-88db22f45ac7","ButtonResultSetPaginationNext":"8f13af75-62af-4b28-a586-bf83f7a7787e","ButtonResultSetHeading1":"f42faf87-b3dc-423c-9e96-57169ab1c37c","ButtonResultSetHeading2":"ad8f509d-9057-4263-a3ef-9aaeac719562","ButtonResultSetHeading3":"50e1f8b2-320f-42d4-873f-7b911460cda1","ButtonResultSetHeading4":"ccc93074-3bc6-499e-8bf5-bd4b354981e5","ButtonResultSetHeading5":"e2be91c7-4c2b-4294-a7a8-25c59de7df1a","TextResultSetPlaceholder":"0526c6df-976a-4888-a3f6-f8b504e0b5ca","GalleryResultSet":"adf60e13-a6e8-43ba-b15c-03ef62d3ef1a","galleryTemplate2_1":"37f2f407-2cb3-4b8b-a18a-214b4761d41a","LabelGalleryResultSetField1":"4e8db4b8-5a3a-4061-813f-511a10344fc0","LabelGalleryResultSetField2":"f6eeb1ca-34c3-4cb9-99a4-707f5148f985","LabelGalleryResultSetField3":"2426fc71-1aab-4d49-8ba0-1d5a1784c4e9","LabelGalleryResultSetField4":"d5300593-8bb2-467a-8de0-7375045ff649","LabelGalleryResultSetField5":"e9719596-6a8d-4541-b7b1-2b0c20fa5fdf","SeparatorGalleryResultSet":"e6d31418-61e6-48b8-ad51-ced7c930c482","ButtonMainMenu2OpenModal":"59b64d86-102d-435c-be0b-48aeac50edf5","RectangleMainMenu2Footer":"d863749b-8e97-4ebd-9c88-d17e61e14ab3","GroupResultSet":"96318028-5b75-46fe-8046-a92f7d8cc375","DataCardMainContent3":"a80ff319-35a1-4616-a3aa-cff4968c8a5a","TextInputMainMenu3Top":"e845df45-13a1-4d18-8cc5-b198c674de74","ButtonMainMenu3Exit":"de8a7afb-143e-407f-9c38-c8b9d2ca1922","TextMainMenu3Title":"989d3a8c-697a-4e40-8374-05255536920c","TextMainMenu3Instructions":"b25e7790-72f8-4869-86e0-212ba9d77430","ComboBoxExamplePerson":"b1b84c6c-657d-4b83-b3fa-c569cf6fdf32","DropdownExample":"70b1f66b-15cd-49d6-997c-514c53952221","CheckboxExample":"30ecd584-b0fb-40d7-b60e-fdd1d8c231fd","RadioExample":"1a98ca5b-6f4c-4249-b42e-933d1180532c","ToggleExample":"3c205f48-db94-44a1-ad6a-786b2481814c","ButtonMainMenu3OpenModal":"3f522a4b-5e41-4452-bf45-cb6c8d37e60b","RectangleMainMenu3Footer":"f7b282bd-74dc-42a8-bc08-8e26c87466da","RectangleMainModalPadding":"c357491a-0be1-405d-a193-15310ca11590","CanvasMainModal":"1cf880fc-194e-4dad-a9db-12a9268527ec","DataCardMainModal1":"a85e4a46-02b5-44ef-8984-f26a578d46b9","TextInputMainModal1Top":"81187e9e-012e-4b4f-a794-afd96b631c22","ButtonMainModal1Close":"08600d25-1807-49b7-8c0c-04cc020f8b86","TextMainModal1Title":"00f219db-1d18-40b1-8567-6bf678a21d22","TextMainModal1Instructions":"68f0ceb0-7877-45f0-b941-fe0729ff049a","ButtonMainModal1Primary":"237c96e9-e219-4a86-bab1-370274c506aa","ButtonMainModal1Secondary":"f3c8ddfa-828e-4d87-aee5-4566f6a5afb6","TextMainModal1Processing":"8b10fedf-f9e1-4938-be55-9a07876b7e17","RectangleMainModal1Footer":"a8b4b636-e532-4a4e-874e-a47d9fc7d680","DataCardMainModal2":"0ab25a05-cd2a-41dd-8f55-317e177f10bc","TextInputMainModal2Top":"0f148efb-23b0-418e-8aef-30e005d28292","ButtonMainModal2Close":"afa57aa1-b772-4b67-b067-a5ed9e826b5b","TextMainModal2Title":"36c20e0b-5c23-452e-8de5-fd22a84253b1","TextMainModal2Instructions":"cbf987cd-fbc7-4a2f-8c8a-4247a0c9917e","ButtonMainModal2Primary":"bef13bfb-f584-445e-a55a-8aceb6bf9b51","ButtonMainModal2Secondary":"04e62e8f-d364-4c28-bd1a-338656e64bbc","TextMainModal2Processing":"0a670981-ae84-46e8-a155-7db157f7d457","RectangleMainModal2Footer":"47250b5e-8cc1-471e-a3f6-ef9671120c93","DataCardMainModal3":"c9e2c363-4954-4945-94e3-c4e12a3a3512","TextInputMainModal3Top":"9e29adbe-356a-481b-90e0-3c834b9d234c","ButtonMainModal3Close":"6126ea0a-18c9-413c-9e6f-3bd8108d41a7","TextMainModal3Title":"06d68e77-4f2c-43d8-934e-92ace5bdfe8e","TextMainModal3Instructions":"42b31822-d61c-4b70-aa3d-2416ec225a13","ButtonMainModal3Primary":"90ec6311-4a1e-4989-8ec1-66764ac77295","ButtonMainModal3Secondary":"a027e683-242a-4740-a98c-1526370037ab","TextMainModal3Processing":"023dccb7-5e48-4881-b76b-d9e0561e9cf9","RectangleMainModal3Footer":"fbd8e232-0242-45e0-b2d6-5f3afb14d2fc","ButtonMainRedirect":"8b449b62-4d09-4ee0-8f3f-34096779df61","GalleryMainMenu":"15961465-9738-4701-b3a6-1bccc840c182","galleryTemplate1":"cc790fae-98fe-4c19-86bb-ba0489398943","ButtonGalleryMainMenu":"b5c8fd32-0132-44b2-8abe-57fb4da302b7","RectangleGalleryMainMenu":"45b547b0-c6d8-45bc-91be-ca74e1293613","SystemScreen":"23e3f5c9-2ef8-4673-b21b-b11d0f45aa75","ButtonSystemExit":"114d0d55-a927-4267-8f91-c5bd5436160c","TextSystemMessage":"ac7830f0-4188-4529-af3f-a76e71ac7f06","TextMainModal1Validation":"cbdfa021-f04f-4fa2-bff9-ef3592fb2478","TextMainModal2Validation":"55bdcc65-ff44-4b9d-a80c-99c773968e99","TextMainModal3Validation":"b0596585-52ea-4218-b856-cdffd0ce9436"}