{"__Version":"0.1","App":"e5f57905-a57e-4c60-96db-27dce1f5be19","Test_7F478737223C4B69":"c6fcd846-0fb7-4222-ac70-ae86f5375e5e","Host":"7188733d-c72f-414e-be02-c0e8f6d7a56a","RoutingScreen":"57ec982e-8933-4577-97c5-3be8239d1aa1","ButtonRoutingNext":"a6264555-c46e-4538-9b95-4fd2868c9a0f","MainScreen":"793d2086-e58a-4007-802e-4994458b6522","RectangleMainMenu":"f99dc088-0af3-4367-8682-4a9532312b1b","ButtonMainHamburger":"9c5c857a-9f08-4325-bd72-b7e2942abaff","RectangleMainModalCover":"2b1f117e-1d6c-4a16-b976-130d44a5c817","CanvasMainContent":"730ceaec-c627-4000-8285-e118f1bb8856","DataCardMainContent1":"e7d3d1a1-cf98-4c52-9a43-5828156e619b","TextInputMainMenu1Top":"7eab1a7f-e7d9-4908-a897-a1c47d99f2df","ButtonMainMenu1Exit":"c23ed862-aee7-4a22-91db-1478a2c1cbf1","TextMainMenu1Title":"629ec23c-a765-44fb-b1f4-7d397a8e8558","TextMainMenu1MenuInstructions":"00289a54-3f83-49d3-bf6b-02576a060905","TextInputTabularDataSearch":"be0ba86f-b2b2-4388-b5e9-665ecf585fef","ButtonTabularDataSearch":"bcc480f3-6a56-4d00-ab9f-b67024cea204","ButtonTabularDataClear":"6a16df5c-c89e-477c-980f-54f4abb91433","TextTabularDataCount":"352f928f-9314-4d9b-878b-ad0b29307aad","TextTabularDataPaginationPage":"e9aae0fe-0dd0-4d9e-af97-308b4d25b803","DropdownTabularDataPage":"03fb997a-ad7a-4732-8b19-af292e19fc69","TextTabularDataPaginationTotal":"76d1c62e-1414-4113-964a-6f71b6d19199","ButtonTabularDataPaginationPrevious":"2ddf17b2-c596-44d9-977b-a12deecedee4","ButtonTabularDataPaginationNext":"a0e54d70-948c-4e94-9bf0-8ce30426dad3","ButtonTabularDataHeading1":"908c64ae-0c42-49b0-825d-27430192656b","ButtonTabularDataHeading2":"4b724a9f-804f-43fc-9f78-49e432492705","ButtonTabularDataHeading3":"fee7a092-e673-4429-81a5-537bce8080b4","ButtonTabularDataHeading4":"cdd10038-c91e-4540-9d97-799ac5e6d973","ButtonTabularDataHeading5":"3857e84c-7e03-483c-a312-113a71fddbef","TextTabularDataPlaceholder":"cbf5c93a-ed4d-49c7-976f-567f7b690fc0","GalleryTabularData":"c5dc8626-2045-42ce-9d7a-a822590412fc","galleryTemplate2":"e8af40c3-f355-4e1e-9980-fa1134983654","LabelGalleryTabularDataField1":"6fdb4c19-bfca-4ab8-b744-dc2d11f90e4f","LabelGalleryTabularDataField2":"bc821033-f61a-421c-9b38-7f49e0e11abc","LabelGalleryTabularDataField3":"5a512ec9-3cdd-434d-ac4d-85ba147b8557","LabelGalleryTabularDataField4":"ad0712ac-be73-4dbb-8b81-c17c23b3f57f","LabelGalleryTabularDataField5":"eb7ee338-1d5e-4045-b185-d6a315db434c","SeparatorGalleryTabularData":"87113098-5022-4e36-ab2a-1a601eea63e9","TextMainMenu1GalleryInstructions":"0442d159-44c4-4aad-801c-986399eca9b9","ButtonMainMenu1OpenModal":"7f16e846-7094-446e-b623-857d628786db","RectangleMainMenu1Footer":"5db7c9fb-f28e-4cc4-932d-e575bcb0f768","GroupTabularData":"6b019be9-1734-4da0-b44a-a87d01ab941f","DataCardMainContent2":"ad8a6d7d-2e43-4041-876b-21612114965c","TextInputMainMenu2Top":"1c2ec12f-d516-4003-8320-ad4e5bd0ddae","ButtonMainMenu2Exit":"9cad55dc-8b51-49e9-82f6-56189da0fbe8","TextMainMenu2Title":"ecce3d7c-f395-4003-81c2-948abbe49a59","TextMainMenu2Instructions":"54ddc066-84d6-482a-a489-b0645ca2e182","DropdownResultSetGroup":"7e6aea78-6f20-4443-a31a-468f444c3a4e","TextInputResultSetSearch":"58dbc031-64bc-4e70-8516-f3c1f16147f7","ButtonResultSetClear":"c993bc3f-7be5-4043-b9e1-28dda2913f0f","ButtonResultSetSearch":"fad84247-09aa-453b-a1a3-951ceefcd774","TextResultSetPaginationPage":"ee36c56d-ac8a-465e-97c1-0c67ffca35ee","DropdownResultSetPage":"9d716b0c-7fb9-45fa-85c6-68272a0c6160","TextResultSetCount":"b6a52f6e-c164-4823-9bde-871f4b1007f1","TextResultSetPaginationTotal":"4098355e-fcd6-41e6-817a-2a124f84260a","ButtonResultSetPaginationPrevious":"7a9259ac-655c-4705-8abe-055bbafc7148","ButtonResultSetPaginationNext":"e66ee29e-3879-44c3-9a86-0d7643de26e0","ButtonResultSetHeading1":"fadbca6c-4ca7-4dca-b1f4-f4aca7abe7d6","ButtonResultSetHeading2":"9c14f241-e417-4cea-ad43-677d65caf8eb","ButtonResultSetHeading3":"ab85c46c-0952-46a3-8fda-948e078f0a42","ButtonResultSetHeading4":"64c7a389-aeb1-475e-ac4a-89d05f6f8a2d","ButtonResultSetHeading5":"ea1b2da3-15e3-47a8-8db7-e494f44ebfdf","TextResultSetPlaceholder":"8ad1f92e-572a-408d-ad1c-c12927188cfa","GalleryResultSet":"c5c25ac1-0ac6-4aae-bbd6-8719d493e740","galleryTemplate2_1":"be15118d-8f68-4bbb-b839-f026b6d594e8","LabelGalleryResultSetField1":"5b872c0d-fdc9-4fd8-9710-3400d735e55a","LabelGalleryResultSetField2":"c8810ee0-b6f2-4f16-8c2a-d9019dbb220c","LabelGalleryResultSetField3":"985f99ac-11a0-45ea-b096-33d08c9ba54d","LabelGalleryResultSetField4":"256a8259-62b7-4785-ba74-7e546047e707","LabelGalleryResultSetField5":"15cf4eb4-1c62-4a93-9e28-c53c1ec63201","SeparatorGalleryResultSet":"edd01671-ff45-430f-838d-d26f55f978c7","ButtonMainMenu2OpenModal":"1b888e22-d546-4e2b-a4e9-7708db80fb65","RectangleMainMenu2Footer":"ab61fcae-0ee3-4949-bb71-b6823b224ef0","GroupResultSet":"702861a3-875d-4c29-b39e-721f981537ce","DataCardMainContent3":"1d744da0-775b-4ade-8089-fc190dbbfb26","TextInputMainMenu3Top":"96a1c728-4e6b-4983-951c-f05901fd3973","ButtonMainMenu3Exit":"9e95560a-ee99-4702-a4c8-8342c7375a32","TextMainMenu3Title":"9f47b634-baa2-49bf-8e31-369fd6f2b3d8","TextMainMenu3Instructions":"ea49fd5f-dd53-43a7-84fa-51a75c3fd1f7","ComboBoxExamplePerson":"7a26a9af-5f02-45ae-9ba0-82c008aa9e60","DropdownExample":"533b20ac-e5d7-4bbd-956c-f7f469c100db","CheckboxExample":"3a3d9fb6-1176-4d45-95ec-8b307428bd4f","RadioExample":"ff7f4864-4123-4af9-9624-c166583202f9","ToggleExample":"c5e25d78-6c8c-4dfe-9f49-c6b720ab9f77","ButtonMainMenu3OpenModal":"89f4eea0-437e-4b4a-9c17-ea9aab4fa5bb","RectangleMainMenu3Footer":"f70aed44-fac3-4c67-b0f9-24a29de3f50f","RectangleMainModalPadding":"686ff266-1f1d-4bd5-964a-bc230ba0f73b","CanvasMainModal":"3306fda6-9d5d-4d77-a1d4-22bafd40949d","DataCardMainModal1":"01b483d4-734d-48ba-99a4-88be9efc3358","TextInputMainModal1Top":"4da3ecc0-6ae4-4ec7-997d-ae131e53d51d","ButtonMainModal1Close":"4d90590d-1547-419a-ba68-44f8c53a4f69","TextMainModal1Title":"03a9e601-d178-4f70-9e41-0bdc25c826bf","TextMainModal1Instructions":"7df42361-2266-4477-a004-cf72df1667aa","ButtonMainModal1Primary":"5ffbcd87-6c2f-461f-8fcb-c421439ac2a6","ButtonMainModal1Secondary":"888564d1-f4f8-4a50-83b0-39ed9108feca","RectangleMainModal1Footer":"0ed65677-cc43-4f24-a4b2-51929601ad40","DataCardMainModal2":"57bf2cc1-8768-4bd8-98af-deadf52222bd","TextInputMainModal2Top":"ec5dfe06-00d3-4cf6-9c4a-93632429de4d","ButtonMainModal2Close":"f58a5119-91c5-45e6-af60-403e9efb963a","TextMainModal2Title":"088c402e-efd8-40c9-99fc-3d637c7beaf9","TextMainModal2Instructions":"aa83c731-30d4-450a-9011-8618b420aa64","ButtonMainModal2Primary":"6787d496-86c3-4314-b201-9b497c9ae414","ButtonMainModal2Secondary":"405b2be2-2f40-43d3-b49f-626f7b69a27e","RectangleMainModal2Footer":"18b7e592-a774-41c0-99c6-4d479913f52e","DataCardMainModal3":"eccd8f37-138f-4458-8a7d-15ce912237b0","TextInputMainModal3Top":"5039fbe9-dca6-4521-9d39-00af354a1b84","ButtonMainModal3Close":"36edd8ce-6056-4d61-a0c2-fcca283a3339","TextMainModal3Title":"ee8dde93-1323-4be7-9196-c2e4941c37d2","TextMainModal3Instructions":"7443ded7-fc9e-4b4e-a38c-26a05e2029a1","ButtonMainModal3Primary":"36263582-0790-4c9e-85f0-aa7f887e1386","ButtonMainModal3Secondary":"b635d0f0-d857-4e69-a40b-359088252f8b","RectangleMainModal3Footer":"32348a2b-5375-4904-bcdb-b3ac1480f225","GalleryMainMenu":"f2ce47f0-2e9c-412e-89f5-a913319b1cf5","galleryTemplate1":"b7dd3b4b-45cc-4728-851d-851f472dc3f2","ButtonGalleryMainMenu":"f7eebefb-6186-46fe-8011-fb20e9d6d6ea","RectangleGalleryMainMenu":"6d2e04c5-3b0c-422d-ac13-6046b2bdcc36","SystemScreen":"941dc8eb-cdc8-45e6-bc76-f3fd0931f0e1","ButtonSystemExit":"6a71f120-b5f3-4f4f-8e98-841bddb8c669","TextSystemMessage":"ac2bb967-956a-4e1f-aab4-0fd2122de771"}