{"__Version":"0.1","App":"762f8e8c-6a52-4a56-a658-6c1377b8545f","Test_7F478737223C4B69":"3cb2fd1c-ba47-4598-8520-149ccc835d12","Host":"9a1dc147-3fe8-4774-a4e6-e62c9d88ab0c","RoutingScreen":"4f5ded90-8834-493d-80bf-1309b3c1efb0","ButtonRoutingNext":"246230a9-86b6-4c87-a7cc-6f8add76270e","MainScreen":"fa54735e-d580-472f-b061-32bdbd214d6c","RectangleMainMenu":"a95a0d1b-5d50-43a9-958f-b20a10ad2515","ButtonMainHamburger":"6963c075-d22d-4938-b0a6-72412bb684ce","RectangleMainModalCover":"1a240e65-6606-46e9-9ff2-3d91b333a0c6","CanvasMainContent":"423fe9b1-237b-4de3-9de8-049bb0df27f9","DataCardMainContent1":"f499a913-9669-4d56-9ca4-606c9099295e","TextInputMainMenu1Top":"8aacf5a3-90c0-473a-b29b-10cdfebfb8f7","ButtonMainMenu1Exit":"598db9e0-6d51-4d86-915f-35c10bff0842","TextMainMenu1Title":"4eef0c49-93f9-4c91-8b8b-5c35daebc076","TextMainMenu1MenuInstructions":"af9e11de-dc0d-42e0-b00b-0640bfdd34af","TextInputTabularDataSearch":"e06f108d-6805-479a-9dd3-d137db0fde8a","ButtonTabularDataSearch":"dc82ee1f-ba1f-4141-9ace-0904e3e650dc","ButtonTabularDataClear":"4b4d7b14-c4c4-42ea-afd3-bb2b1573592e","TextTabularDataCount":"bee7f7ab-b677-4810-aeeb-8363368e1dd2","TextTabularDataPaginationPage":"027e1fe7-cd47-4e09-a63e-39edfc0d4485","DropdownTabularDataPage":"faa687c6-f2b4-45db-a0b6-c9e80a6ff128","TextTabularDataPaginationTotal":"67147e4a-f5fd-4f75-9a04-93c50b768ba1","ButtonTabularDataPaginationPrevious":"7badd35c-9189-4ef8-bdb7-1cb491a65e26","ButtonTabularDataPaginationNext":"78377632-607a-4c6d-9ebd-ae23761c9651","ButtonTabularDataHeading1":"377b8dbc-6d6f-4050-ae0c-b722b56533f1","ButtonTabularDataHeading2":"ed928281-f490-4091-922c-5ac3cb6c34e7","ButtonTabularDataHeading3":"af3afe5f-8657-45ec-8a34-75d5020c612d","ButtonTabularDataHeading4":"aac8469b-f502-4886-81e2-47aa3bdf6b4a","ButtonTabularDataHeading5":"4b5983de-0e24-4906-8300-6c5f06eef859","TextTabularDataPlaceholder":"b6c3d9db-a0c3-49c5-9273-9c7bfba3a14a","GalleryTabularData":"4cb1dacc-910b-4a99-938a-e3e7cb6d0b50","galleryTemplate2":"16e82fea-b56e-4595-b6b3-621ecea0fb3f","LabelGalleryTabularDataField1":"b4a8a924-be28-4938-80b4-922e24bcc417","LabelGalleryTabularDataField2":"5f931931-ed27-4068-ada4-c22f9f2fdc34","LabelGalleryTabularDataField3":"1b0154d7-174a-43c0-8d10-d8808433a243","LabelGalleryTabularDataField4":"6ada9002-a39f-43a9-92df-d9454064032d","LabelGalleryTabularDataField5":"a328fe8f-1934-4b8d-be2c-ce5f1052d295","SeparatorGalleryTabularData":"b2a47262-2faa-4e5d-9b9a-3db58666794a","TextMainMenu1GalleryInstructions":"93474fe9-53bb-42aa-b531-c2fc7f8ef7b4","ButtonMainMenu1OpenModal":"54bd94d4-c24e-4200-b61f-1bb9b7da0b41","RectangleMainMenu1Footer":"1f274c4d-df88-454c-8540-99da425288ae","GroupTabularData":"0e32e3fb-ccb5-4188-814f-24d6abb3cade","DataCardMainContent2":"99c3b09c-166b-46ca-9922-974259c556bd","TextInputMainMenu2Top":"5ebce539-4a21-44ff-9a31-3e1ca6c9b3c1","ButtonMainMenu2Exit":"f08a4b44-2f52-4425-9858-05e714d804f4","TextMainMenu2Title":"04cdc40a-e733-4d3b-bfc1-ba3e61470705","TextMainMenu2Instructions":"a43fefc0-aad4-4848-9d40-1af93d9dda7d","DropdownResultSetGroup":"f0c56bfa-efbd-4bd9-b501-bf42cb7d22a9","TextInputResultSetSearch":"826dd2ca-4bf5-44be-b29c-22d223ed79c8","ButtonResultSetClear":"83452441-80e0-483a-b832-37c00fa09340","ButtonResultSetSearch":"65548472-6801-4975-a732-b151db7d5993","TextResultSetPaginationPage":"21145304-b989-4cc8-b933-abb0784419f5","DropdownResultSetPage":"91924de5-7609-4c54-93e0-e640190f63ab","TextResultSetCount":"5a658946-3e34-480c-9da4-573371ff8112","TextResultSetPaginationTotal":"86d1cf4e-d63b-4e73-86b5-4d96d14c98c6","ButtonResultSetPaginationPrevious":"308500c5-4a2a-4c80-9a60-935517836e8b","ButtonResultSetPaginationNext":"ad6c7fdd-8a9c-45e5-bdd6-76aa0a420a47","ButtonResultSetHeading1":"3bdb74af-9a44-47ae-a011-7b7d4012fb39","ButtonResultSetHeading2":"6f539628-7035-43e0-834f-a4ca89b92996","ButtonResultSetHeading3":"5a763e56-5b4b-447d-8029-dd66488f2e56","ButtonResultSetHeading4":"96ba6cc9-2b32-4b17-8614-e55282590543","ButtonResultSetHeading5":"9350b0a5-edf3-40aa-9231-d3eb4c519c51","TextResultSetPlaceholder":"2619a67e-a28d-494a-bc16-34c6dde8c39c","GalleryResultSet":"5667f21e-eea4-4e00-8a19-bac11bdf486d","galleryTemplate2_1":"f16388f6-fae0-4ee5-82e2-b00b5f14140a","LabelGalleryResultSetField1":"329acc0d-9d49-41b0-aed6-54ac61f1af69","LabelGalleryResultSetField2":"26ba6458-da04-4a85-95c8-85e666444caf","LabelGalleryResultSetField3":"af7ef429-119a-48ca-bcda-ebd143a7d872","LabelGalleryResultSetField4":"927b13d9-5088-4bf0-9efe-eb6c6d324e32","LabelGalleryResultSetField5":"35ef1bf8-4894-4a62-a00c-6ad4673a86f6","SeparatorGalleryResultSet":"478daa2a-6387-4c47-8196-0ebdf08ba920","ButtonMainMenu2OpenModal":"3a8e04c5-a648-4e1b-8dd6-a56353641513","RectangleMainMenu2Footer":"a8823abf-4402-4edf-9d00-4a83a7d6be24","GroupResultSet":"a91ee53d-a686-4131-ae94-e0e8afead0f4","DataCardMainContent3":"13e0308f-5dcf-4d2f-a8af-e52d64bf0010","TextInputMainMenu3Top":"55541d41-427b-4ab2-836a-b3b4ee4d1329","ButtonMainMenu3Exit":"d99d0150-c718-4549-ab13-21bf05ade4d2","TextMainMenu3Title":"88f01057-f8b1-44ae-8fb5-f6c00be914d5","TextMainMenu3Instructions":"54dd7796-d1f7-44d5-a82e-f6a4ec5b0fbd","ComboBoxExamplePerson":"e55f9e4e-ad1f-4206-b1bc-6951f7729916","DropdownExample":"8dc1f226-e9b1-45e1-94b7-73fe02863cd2","CheckboxExample":"2fb6d294-efdf-45fa-bed7-dcbd968c8345","RadioExample":"27557285-7981-44c9-a4a5-111f59d22c6f","ToggleExample":"cf9fc9d0-e677-4be3-b928-a145d9f72efa","ButtonMainMenu3OpenModal":"7997868a-1586-4db5-b611-06fc26a94601","RectangleMainMenu3Footer":"d35a813d-330e-430f-9786-216718960cb8","RectangleMainModalPadding":"87f251b7-fc5f-4e66-9b6a-69b7b8324476","CanvasMainModal":"88af947f-4981-4647-b0aa-60b0d0159ffe","DataCardMainModal1":"b0f3f210-f5dd-49eb-a42d-b9794b70ad30","TextInputMainModal1Top":"a772bba6-ff21-471b-8591-9b92f954af7d","ButtonMainModal1Close":"c54948be-8135-4d0f-965c-5c89e31431c6","TextMainModal1Title":"f4112709-29c5-40be-a371-e2492657115b","TextMainModal1Instructions":"39123bc6-8046-4d6b-b2fe-4eaf3351a08b","ButtonMainModal1Primary":"57392871-d9fe-41d3-8cdd-571795a480e2","ButtonMainModal1Secondary":"c7c44e42-9478-4125-b0af-6bb8ac13baad","RectangleMainModal1Footer":"e490ccc1-7057-46ee-b70d-99cd1af85a96","DataCardMainModal2":"af0d3dcd-e1de-492c-89e3-8656d2a64bf8","TextInputMainModal2Top":"d4a5d2f4-2883-4d90-8e05-275aecef897c","ButtonMainModal2Close":"e4a0077a-99e0-470b-b48a-ab30a6c9ea63","TextMainModal2Title":"84da91db-d91f-4072-a3dd-836812cbeca0","TextMainModal2Instructions":"7dbe6271-7009-4dac-8980-36b8b256f3a2","ButtonMainModal2Primary":"bb8af1a8-bfaf-4c18-95d5-e59449eb398e","ButtonMainModal2Secondary":"0c4fa5eb-a9ef-442c-965e-41d96a3eeaea","RectangleMainModal2Footer":"c6461707-0702-4dbc-b911-730b079fea12","DataCardMainModal3":"365bbbb8-76d6-426f-9627-6234f672d60c","TextInputMainModal3Top":"700bb5c2-9352-4c6b-be9e-fc6c2d06c778","ButtonMainModal3Close":"0d5f3d55-7580-4f1e-a9bc-e9a3bede7ac9","TextMainModal3Title":"ae6acedf-41f7-4d44-a255-5788111e8693","TextMainModal3Instructions":"1fca3ecc-7ede-4a52-89eb-474849004458","ButtonMainModal3Primary":"7586d691-1953-41c4-97ec-66cf05eee0db","ButtonMainModal3Secondary":"319beca0-7db5-40ce-b1a0-a8c13ff84a67","RectangleMainModal3Footer":"a3a84d63-b0db-4593-a2b2-e9a7dc44511d","GalleryMainMenu":"e0a413c8-a207-4b21-aef3-cca6a14ef119","galleryTemplate1":"979aa3ae-36dd-45e7-8896-b7d89747b12e","ButtonGalleryMainMenu":"4077acfe-10e2-437a-9253-9b247535213d","RectangleGalleryMainMenu":"578786c5-8a3e-441d-9afa-91b074b35561","SystemScreen":"654fedd2-3bfd-4fa8-b4e4-af4ac18f6491","ButtonSystemExit":"dd004f19-49b1-49ae-902c-d6956a368dd7","TextSystemMessage":"ccff25c5-1442-4ba8-a204-24aa6c2b0a5c"}