{"__Version":"0.1","App":"61802e67-0255-4620-878c-74f3c27d58f2","Test_7F478737223C4B69":"c1ee90c3-0b2e-49d8-a88b-62b3bf96de79","Host":"140f3051-80c2-4121-93a8-6a17917debc1","RoutingScreen":"dc012c92-0780-456e-9a25-4322adada6fb","ButtonRoutingNext":"7537a77c-3df8-4f97-bb96-193b0cdea7f3","MainScreen":"0906ffb7-527f-4257-982e-94a15c43d477","RectangleMainMenu":"64c06182-7a41-43f9-a1e8-2aa6d36ec6ca","ButtonMainHamburger":"cca08a48-077d-48ba-a082-dbd75b2e5a98","RectangleMainModalCover":"6951f2ed-f819-44b0-94a2-f1587b7abce1","CanvasMainContent":"730c237c-34a0-4703-a44d-f99d677aa4d9","DataCardMainContent1":"adce98fb-68dc-44ed-bbd8-d3229df417ab","TextInputMainMenu1Top":"c9884867-910b-445b-b92d-dc57272d7459","ButtonMainMenu1Exit":"d990d938-9d18-45d4-a87a-b5676299e9e8","TextMainMenu1Title":"0f6bb054-abd4-4d57-bbfd-f719ca3fd6ee","TextMainMenu1MenuInstructions":"a2bd5b30-ec2b-419d-916b-cdeb79eeedd6","TextInputTabularDataSearch":"633e6798-abab-4497-ad26-76f150224129","ButtonTabularDataSearch":"b3420536-e17b-4a44-83fd-9e29a3406c66","ButtonTabularDataClear":"923a9830-1a15-4003-b73e-a3aacdb04608","TextTabularDataCount":"f34bcfe3-dac9-4acd-94d4-003a9bfd366f","TextTabularDataPaginationPage":"a5391a69-3234-4b2e-9f6f-bb3aaabfd677","DropdownTabularDataPage":"fc56b0c6-055a-4488-8bdb-a238939840d8","TextTabularDataPaginationTotal":"fbdd2893-76ca-4e15-ae88-7d371f5cae17","ButtonTabularDataPaginationPrevious":"50013a1f-566a-4c5e-8b52-b13ee23c9eb8","ButtonTabularDataPaginationNext":"2c2e9d78-4be9-464d-99d9-28de0954771d","ButtonTabularDataHeading1":"645d1712-5ab6-47fb-80e1-c9d22d37f52f","ButtonTabularDataHeading2":"2772cdc3-6752-4b4a-a135-396febc353ca","ButtonTabularDataHeading3":"8ce181bf-bfcf-4979-8d96-120ea8fa73fa","ButtonTabularDataHeading4":"24990276-746a-4b26-8b48-df6319b72ebd","ButtonTabularDataHeading5":"d47cb53f-c3b6-46f6-9abe-4053af42ab33","TextTabularDataPlaceholder":"4889ed7c-81f0-44de-92d7-002263840cf5","GalleryTabularData":"5773398f-6671-467f-9c6a-d2297e02f55a","galleryTemplate2":"d9c1139a-88f8-4b42-91ba-167a3f6dd806","LabelGalleryTabularDataField1":"e1b1f202-d166-4a14-9759-e2a01a0b20db","LabelGalleryTabularDataField2":"fcd525a9-e7ec-4c7e-85f9-660c885e71fd","LabelGalleryTabularDataField3":"81e2c64a-adbb-4d85-bbc5-ba76d61e0161","LabelGalleryTabularDataField4":"91679d9d-570a-420a-889a-08c35c175984","LabelGalleryTabularDataField5":"dce80350-71be-4b55-a1cd-068d3ab9aea8","SeparatorGalleryTabularData":"950089e2-62e1-447b-991e-98430ffa0030","TextMainMenu1GalleryInstructions":"eb2c57df-7752-483e-a773-d87719c24920","ButtonMainMenu1OpenModal":"453386df-6489-4770-b895-63976f51e70d","RectangleMainMenu1Footer":"2785bf37-df9c-448a-b495-4cca2ee0a855","GroupTabularData":"5c8a5820-4a94-4970-86d3-a770cddb1f06","DataCardMainContent2":"314cadf9-af72-4da7-b042-8198da70a4bb","TextInputMainMenu2Top":"a6c4224e-ba27-45f9-8047-75e5eedb4107","ButtonMainMenu2Exit":"c82288ca-d3a0-42f4-9051-9f7c32283f86","TextMainMenu2Title":"89a5e11d-1baf-4fe0-a08d-2fbe04290a89","TextMainMenu2Instructions":"e720af06-c398-4b6c-b3ce-eec39bb313d9","DropdownResultSetGroup":"a67f746d-11b1-4371-8444-bb59a575c709","TextInputResultSetSearch":"8d3b40e5-aa0f-4876-8193-085e84e63f22","ButtonResultSetClear":"787b619c-d6b2-45f1-a2ce-ce6b6fc3241c","ButtonResultSetSearch":"330e76e7-0d69-4499-bbd2-e9e58cdd0290","TextResultSetCount":"1ca0fd9b-53a6-48e8-bd62-08d9611bcb20","TextResultSetPaginationPage":"9c9dd7cc-44b0-4f8f-a702-76567e53066c","DropdownResultSetPage":"edd9bb7d-dec9-4c94-be4f-95763436e0d4","TextResultSetPaginationTotal":"79a6dba2-d1eb-42d2-855d-c204a1845273","ButtonResultSetPaginationPrevious":"b148e522-fb31-4ab2-a494-ac1a49c227ef","ButtonResultSetPaginationNext":"a279dc6b-dc9a-46bc-b8f1-e114ac8bd4fc","ButtonResultSetHeading1":"01d64fe8-5c63-46fe-8744-e3517b5c9204","ButtonResultSetHeading2":"74f98665-c0b1-48fb-bacb-22cd35af5c07","ButtonResultSetHeading3":"8cf30843-c873-4330-9cfb-138e23513def","ButtonResultSetHeading4":"b79ebcde-41e3-4965-8791-f73c114ef7aa","ButtonResultSetHeading5":"14954a06-749d-469b-98b7-91223b7b6fa8","TextResultSetPlaceholder":"889391c0-430b-4e88-a065-128e6e6ba743","GalleryResultSet":"c5fc6e68-3bcc-4706-ab37-a7615ef7eeea","galleryTemplate2_1":"382faad1-be28-4219-a36c-73c820bf23e8","LabelGalleryResultSetField1":"ca8f695f-04c0-4c15-a669-a35565a61006","LabelGalleryResultSetField2":"ebd02329-32dc-470f-becb-d0d8156fc0d1","LabelGalleryResultSetField3":"81374a99-be09-4a4a-9e0e-17cc7d58b0a4","LabelGalleryResultSetField4":"ec958827-d43f-48c0-bfc0-8cb246b58571","LabelGalleryResultSetField5":"8172b1b5-3fd7-4f43-807e-b19bff8e996a","SeparatorGalleryResultSet":"36ccae34-384c-4ee4-b831-9072e931c5b7","ButtonMainMenu2OpenModal":"397e297a-7cb4-436d-9755-a1b218bfc8d4","RectangleMainMenu2Footer":"4e2efb41-4c43-4348-8e15-10d86318773b","GroupResultSet":"0ad6a85d-bbb8-48ea-a8ed-9132fcd67b07","DataCardMainContent3":"e3aa0275-b1b1-4dfd-a577-f9fcecd169f6","TextInputMainMenu3Top":"5c181148-c7ef-4456-a32c-0653c76621b2","ButtonMainMenu3Exit":"fbc4313e-005b-4a70-b6d4-1f6030a415cf","TextMainMenu3Title":"df4e2ad6-ad44-407a-9b41-cbe7506acbac","TextMainMenu3Instructions":"e539cf0d-d9c0-4c12-a4e2-9b9ff28f564e","ComboBoxExamplePerson":"5b141d64-169e-43c8-af28-5aa6ec2f4ac6","DropdownExample":"cb2d2930-79c6-4fca-871d-7451ae43b2d9","CheckboxExample":"09cd5adb-09cc-42e7-b94e-ae56ed811bb3","RadioExample":"4c902a79-9da3-44a7-8711-fa9052cd8717","ToggleExample":"2abdfa6b-c164-4db2-9baa-bc589cd6a5d4","ButtonMainMenu3OpenModal":"741f8eb3-4822-42a6-a1b8-c1d486be7de9","RectangleMainMenu3Footer":"d5283013-a377-40fd-822c-50803fc13a12","RectangleMainModalPadding":"4ee4a2cf-9af9-4316-8e57-b7b168d2bf0b","CanvasMainModal":"cedfb1f6-fd51-4f34-a518-35c82e8c9f79","DataCardMainModal1":"105df543-e6c1-46d1-a4da-14f93f15ee96","TextInputMainModal1Top":"9394cd96-c970-4ab7-aae6-6ae8115b2db4","ButtonMainModal1Close":"d5731b05-545c-43f4-861a-44eb8e5b7cd3","TextMainModal1Title":"04caee86-7b0e-46e6-b2eb-afc45f567879","TextMainModal1Instructions":"f232b28f-ca6e-4e1f-8d7c-a6821288b1ac","ButtonMainModal1Primary":"abb87535-758f-404f-8918-8ac325a5c017","ButtonMainModal1Secondary":"660ea146-deed-4a57-8194-2f7e0ce93523","TextMainModal1Processing":"b6513586-069e-4b47-8450-e5dfacce4a3f","RectangleMainModal1Footer":"86e7ca68-af3e-4eb6-8670-4921bddc055f","DataCardMainModal2":"93c0698a-f56a-4a1a-a552-947f2bfba1cb","TextInputMainModal2Top":"95bee024-c9a3-4b9e-8281-fa12abb5f7d2","ButtonMainModal2Close":"fc5961b8-ec44-4506-a29f-5ff889b8c934","TextMainModal2Title":"3885d609-d465-44ec-b58c-b2028c9d0a27","TextMainModal2Instructions":"af3bc871-0d5a-4bf0-ac60-b5c9d0f87c57","ButtonMainModal2Primary":"435d2587-a950-4537-9707-29cc3bf95f73","ButtonMainModal2Secondary":"01bf5016-cc29-4bce-9493-107da0eb9ddb","TextMainModal2Processing":"3bcae238-18c3-4e39-a559-153b59def084","RectangleMainModal2Footer":"34d338a3-847b-439b-b264-403f63767489","DataCardMainModal3":"2ddb5d83-42f3-4216-9eca-475113568fe1","TextInputMainModal3Top":"7babbf2f-5666-4df7-b892-af01574c56ea","ButtonMainModal3Close":"17615851-231a-4820-9e85-58e7c7363390","TextMainModal3Title":"41edc3d5-1a66-420f-8a8e-41c854f1469c","TextMainModal3Instructions":"b8f790d7-862f-4954-ae79-771589e0311a","ButtonMainModal3Primary":"edf11d64-f13e-4691-a893-979bbb81ee24","ButtonMainModal3Secondary":"030a3f5d-e1a6-46b3-8ce2-18bcb9e808d5","TextMainModal3Processing":"a0289b15-180f-47db-b957-272e0492831d","RectangleMainModal3Footer":"0bf87a12-a2a0-48c7-b689-8aa35847248a","GalleryMainMenu":"64776119-b94e-483b-a845-bd1f46ca07d2","galleryTemplate1":"c907f8cf-7f04-42e2-887c-e66ae3e7d73c","ButtonGalleryMainMenu":"5ac139de-3ecc-41f1-a612-05f51c824ead","RectangleGalleryMainMenu":"cbe819a5-3492-4425-a12b-531373fa0da4","SystemScreen":"5f6add70-bf36-48a1-9347-74a184b88da7","ButtonSystemExit":"6ccf05c7-bee9-472d-be4a-49058bece095","TextSystemMessage":"17b432ca-a30b-4f93-9bb0-510dc52fa4fa"}