{"__Version":"0.1","App":"1e7af2a8-d803-4ce5-b495-15b527e7f7a4","Test_7F478737223C4B69":"9ec51c72-65f4-4e3d-910d-93f673e7196f","Host":"64cad663-6da5-4d92-bac8-75987913dc17","RoutingScreen":"3f5e83aa-3c7d-498e-bacd-816335b0130d","ButtonRoutingNext":"1b2b69e7-80aa-44e1-a3c7-533a96511999","MainScreen":"788ff6f5-5d75-4402-aafd-4e61e4af2dbc","RectangleMainMenu":"17ed2ce5-5610-4ed9-8a94-4b7ad784e02b","ButtonMainHamburger":"ecce5bc1-15bd-47a6-b9bc-62fc24ac189c","RectangleMainModalCover":"cf20cd39-8be5-4ce1-84e5-c3a620fc4403","CanvasMainContent":"9bf27b73-57cb-4eee-bafd-d80639d39391","DataCardMainContent1":"7bf766e5-92e3-4690-a680-73f9333a78ae","TextInputMainMenu1Top":"cc49aa77-04d4-4f7c-9200-c5d732e5f71d","ButtonMainMenu1Exit":"a7f3e3d9-23b6-4dd5-98c4-93ac81d12c4c","TextMainMenu1Title":"740cb26e-0d50-4746-b5c4-a3858fca582c","TextMainMenu1MenuInstructions":"fda17f37-322c-47c1-9a5b-03c0900d6ccc","TextInputTabularDataSearch":"0737307f-ca94-44d0-9b3e-051bddbce6b6","ButtonTabularDataSearch":"813d8705-20a2-4104-b70d-177bd8e5a5db","ButtonTabularDataClear":"93f62c23-1602-431e-878d-50db3efa662f","TextTabularDataCount":"874cb385-2c75-4778-bca0-5dc31ed17c9f","TextTabularDataPaginationPage":"533b7cd9-4222-4da6-ba25-2f04a9b425e6","DropdownTabularDataPage":"5b91b5c0-e780-4145-823b-b8b7c366f649","TextTabularDataPaginationTotal":"1fc7978e-5f9b-4b21-9499-a90a6b425a9e","ButtonTabularDataPaginationPrevious":"7412b19b-2d4a-4ce0-93c9-7a94d92caa98","ButtonTabularDataPaginationNext":"593c458e-0f1d-495c-8b25-ee527e8aafae","ButtonTabularDataHeading1":"f42e0dca-ba9a-4d96-a26c-cfc76bb1b75c","ButtonTabularDataHeading2":"ee94ab96-1744-4893-866e-528f8b9acd03","ButtonTabularDataHeading3":"cd714a97-d2c3-408e-935d-ce350ef6154d","ButtonTabularDataHeading4":"c144cf68-b078-46e8-afc4-f86c1a491220","ButtonTabularDataHeading5":"6a5e1e1b-1d16-4f75-a654-57030a64a0a7","TextTabularDataPlaceholder":"62d08ec8-2902-47c5-a90c-167b99526b8f","GalleryTabularData":"4fc70c67-a97e-4d3a-91ec-bd3dfdf0b274","galleryTemplate2":"84718d0a-19dd-43b5-8a29-bf2d133d8598","LabelGalleryTabularDataField1":"2c91b3f8-83dc-45f7-92aa-921a2dcbba7b","LabelGalleryTabularDataField2":"7bdc86b2-22b3-432f-9164-15543bacb0f1","LabelGalleryTabularDataField3":"3d0422ee-bc09-4bcc-b1be-408e145a1297","LabelGalleryTabularDataField4":"14d45cb9-736c-4f34-b7aa-e90924abc2b9","LabelGalleryTabularDataField5":"efa2857e-695e-447a-9f10-123efedc4778","SeparatorGalleryTabularData":"15b44a1d-56c7-4511-9ac3-e87b0cc1a3ac","TextMainMenu1GalleryInstructions":"ee9f64b7-0dea-488d-9478-93d8f5d5e64d","ButtonMainMenu1OpenModal":"51945d79-8b02-4e3d-ac47-7e6766ef7de6","RectangleMainMenu1Footer":"ae3bddf6-66a2-4f2e-8b50-c09c339adefa","GroupTabularData":"038eeecd-bfc2-41cc-9bc5-99bb015c8964","DataCardMainContent2":"f9660967-902f-4e3b-8d23-8f1e98238c10","TextInputMainMenu2Top":"21fb6a50-2b34-4cd1-bf28-65f7cc000f86","ButtonMainMenu2Exit":"21a22240-7859-4dc1-8c68-6aa63d10283a","TextMainMenu2Title":"d0d38d3b-7b38-452f-a5e2-0393136c4ab8","TextMainMenu2Instructions":"8a21d9d8-c064-475c-b35c-913f1cc9f976","DropdownResultSetGroup":"ee06b679-e6df-4174-ad64-fff2b83412a1","TextInputResultSetSearch":"fc61f71d-860d-43b3-950a-c9b6f2aa51a1","ButtonResultSetClear":"f909bb25-8219-4b1c-bf4a-598d65da3bcd","ButtonResultSetSearch":"3edf7a57-dcd0-468a-bf93-590ced07ee35","TextResultSetCount":"562c1094-1af5-46e5-81a6-75acc17d4fa8","TextResultSetPaginationPage":"e3b1ff61-7a73-449c-bac3-309179415a40","DropdownResultSetPage":"45a80f8d-05f4-46e6-b1e2-77a6f39a11be","TextResultSetPaginationTotal":"8cee5523-5189-413f-b56e-86a5717cfc22","ButtonResultSetPaginationPrevious":"fe9af52e-297a-4e48-b903-1b41a04e82e9","ButtonResultSetPaginationNext":"62ad789d-a9e7-4f68-be71-d397536cc80e","ButtonResultSetHeading1":"05bca161-25df-4f8d-9e1c-18a0b6659c90","ButtonResultSetHeading2":"6e45c633-bb2c-48fb-b721-783a22d60c32","ButtonResultSetHeading3":"a8602e43-7c06-439c-8f9f-e5bed12d2b4f","ButtonResultSetHeading4":"fddf532f-a8eb-4b31-88ef-9495ce107624","ButtonResultSetHeading5":"5a9752ae-9aeb-49e8-9b15-59ddeb22215c","TextResultSetPlaceholder":"1755be9c-17d1-452e-9475-2901d6ac1c22","GalleryResultSet":"ec576435-2fd6-4376-88cc-aaef4ad87445","galleryTemplate2_1":"f188db0f-2065-4396-89e6-8f95e4231aa5","LabelGalleryResultSetField1":"032e339d-261d-47fa-8c39-ccf12a98c933","LabelGalleryResultSetField2":"72230b95-356c-4a07-8387-3d852cf167b3","LabelGalleryResultSetField3":"a687fe50-4ea2-46fb-861c-0ae7da1bf20e","LabelGalleryResultSetField4":"5ac374c4-9dfe-40e4-9865-db9f4a55c218","LabelGalleryResultSetField5":"11dc0012-ed63-43c0-a059-4922447ab21a","SeparatorGalleryResultSet":"cdb27453-6c55-4e2b-bd75-64c4bb8f9039","ButtonMainMenu2OpenModal":"c24b1104-34dd-40c4-9c8a-78754627af27","RectangleMainMenu2Footer":"784e9c87-4f30-4417-b99d-aa36f40ea80a","GroupResultSet":"29e11ee4-0cb3-442c-8fe0-ea1a4a7ef633","DataCardMainContent3":"12a0334e-4c80-43a1-a9f2-3c00aeb56847","TextInputMainMenu3Top":"49950725-e849-4864-a134-fed072a21585","ButtonMainMenu3Exit":"93071996-8667-4c9f-8a06-8015177a129f","TextMainMenu3Title":"fa2e98b1-0d9d-49be-9034-510361826c42","TextMainMenu3Instructions":"51d9d362-d47d-4cf4-9f02-ba51399f6feb","ComboBoxExamplePerson":"d81141f4-6746-4810-a1d9-93a6caef30a8","DropdownExample":"47d16373-7f90-4af0-934f-8f9eb13ef015","CheckboxExample":"87c42bc5-8a6b-463a-a91e-1006a7138365","RadioExample":"448067da-a49e-4e47-b089-fdbba07afbf1","ToggleExample":"4c2402a2-3b36-4aeb-94f5-987fd50097c6","ButtonMainMenu3OpenModal":"e05272b3-7c11-4df8-8652-26c2ecdbb40f","RectangleMainMenu3Footer":"093b131a-2eab-4d78-8c79-09613c05c4a8","RectangleMainModalPadding":"bb67e4d7-1c2b-4604-97fd-beb6b0e89ab7","CanvasMainModal":"f8e4ad88-7865-4ba5-beb6-61b2153499a8","DataCardMainModal1":"408e3115-07df-402c-ba53-4c042c5dce4f","TextInputMainModal1Top":"faa7e50d-326f-42ab-a945-b2e80b7831cc","ButtonMainModal1Close":"b78d70fb-7269-4f58-9461-48bcf9d3a45f","TextMainModal1Title":"63790ffc-0b41-429d-9b56-916f42c10c53","TextMainModal1Instructions":"3679afd0-b392-4e87-b751-facd2fc0b91d","ButtonMainModal1Primary":"f5dc6c50-10c0-46be-85b5-186421800620","ButtonMainModal1Secondary":"efa686b6-8624-4d71-afcc-eb67963e6cfa","RectangleMainModal1Footer":"b21c78c9-3347-40b1-8b6f-d13578229ba4","DataCardMainModal2":"dad05108-2c21-458a-bd24-41495c695f50","TextInputMainModal2Top":"51aca946-7531-44a2-b73e-25bba11ccb54","ButtonMainModal2Close":"f1d9fb8a-58c6-4daa-af42-09c390c3167a","TextMainModal2Title":"6deb0ebb-b33e-41e9-8e9c-54e6495fd1a2","TextMainModal2Instructions":"218ee924-6534-4e10-9232-6ab1028b6c2f","ButtonMainModal2Primary":"3712f2bb-1400-4945-9c29-ac1ae12803e0","ButtonMainModal2Secondary":"27165f70-e187-4dc3-84e5-5faa4ec56a4b","RectangleMainModal2Footer":"9debcc81-19e1-4957-a720-82c77b02a1cb","DataCardMainModal3":"9488ceff-9b78-440a-8131-b33fc8dfaa10","TextInputMainModal3Top":"1fb33507-b47d-4c6a-af1a-26e91d210c74","ButtonMainModal3Close":"826016da-33eb-4dcd-abcf-fff16af991e9","TextMainModal3Title":"d73d73b3-ab66-4311-bc8e-fcc608d19478","TextMainModal3Instructions":"ed79e100-96f5-43d6-b4cc-2c0bda786664","ButtonMainModal3Primary":"cb8d2a3c-f160-4099-a001-5ebad65c2464","ButtonMainModal3Secondary":"26f9b7ad-700d-44c7-8ca7-6b687f2cef2d","RectangleMainModal3Footer":"0f9a6167-e8c7-4222-81e7-2e563d5bbf43","GalleryMainMenu":"1aac92d8-c08e-4a42-80e9-66c21ea1fec4","galleryTemplate1":"6d1fec27-da39-4e31-a53e-288052b610a7","ButtonGalleryMainMenu":"821b5989-ca9f-433a-a214-1a7b6cc83e47","RectangleGalleryMainMenu":"5e1db81c-2f91-4e45-95ac-83f8f0eab664","SystemScreen":"3efb0d3f-ed59-4e1f-a76f-b201e8b64023","ButtonSystemExit":"19b9eb0c-a7b2-441c-89eb-e5b939d56033","TextSystemMessage":"e72eac5a-77c9-46bd-8d1e-b0c6fb69cc23"}