{"__Version":"0.1","App":"627fad51-c24a-4cd8-be34-c630243a2827","Test_7F478737223C4B69":"34250ae8-39a8-474b-a287-6b814591688c","Host":"60ffa601-a633-46ea-857e-81d6216fd3b7","RoutingScreen":"7f2c0c55-f9b8-4ce9-8e42-befe87d339cb","ButtonRoutingNext":"b00c35f3-642b-40fc-a663-a155abdfd9fb","MainScreen":"bf669e84-c8ce-4820-81af-3407019f35e2","RectangleMainMenu":"2f8173d4-ee63-4adc-9c63-1754ff5d6331","ButtonMainHamburger":"db7b3769-ad5b-4730-9182-490d6a1dec93","RectangleMainModalCover":"e228437a-8af3-4c49-807d-11be1e959fdb","CanvasMainContent":"45ac5365-83a9-410a-bc0d-da512fdc31ff","DataCardMainContent1":"f43e120f-2840-425c-9422-d877cee39c60","TextInputMainMenu1Top":"4683ed7b-f8d2-4b42-b414-a814e5fc008a","ButtonMainMenu1Exit":"177e3205-a816-41e0-85f7-5a862550ccd8","TextMainMenu1Title":"06d7bb84-d1e3-46bf-8f25-2c49583c93c7","TextMainMenu1MenuInstructions":"c97c1bd9-f599-4bf1-9633-5b68bcce1560","TextInputTabularDataSearch":"5a84d263-693e-47c3-b780-d6bda5e875cb","ButtonTabularDataSearch":"8a257f6c-89e1-4b4e-99ff-8614376de446","ButtonTabularDataClear":"86e0ff31-5190-4b90-97ce-7a3450f58847","TextTabularDataCount":"abfc457b-a70a-434a-a957-0c9c4a0c9bec","TextTabularDataPaginationPage":"be1d7383-f18d-4369-93b1-bb040a358196","DropdownTabularDataPage":"da4f0eed-c2af-46ce-8e66-ea25428940bc","TextTabularDataPaginationTotal":"9fd55f75-df02-41d4-9646-3931ed57367b","ButtonTabularDataPaginationPrevious":"1b699ede-3bea-4b13-b0c9-db7097b11ee7","ButtonTabularDataPaginationNext":"b9f094f0-5c47-4f38-a6d7-361810653649","ButtonTabularDataHeading1":"989364c5-b996-408b-bc69-56898ab07412","ButtonTabularDataHeading2":"a6df051c-3c1c-406c-aa40-af167aabe39f","ButtonTabularDataHeading3":"40a42b29-d218-45dc-abfa-ce5c786b2db7","ButtonTabularDataHeading4":"74c56f4e-e312-4152-b98c-ef223ba2d488","ButtonTabularDataHeading5":"92b1b1b4-6f1f-4028-bc15-b70dcfac36e6","TextTabularDataPlaceholder":"3e3ab5be-8e3b-4920-a34b-a3e290f5bbb1","GalleryTabularData":"00f5ff0f-7a10-4415-aff5-969e110de6aa","galleryTemplate2":"d6151501-3641-494c-9c6a-9e4ddddc888a","LabelGalleryTabularDataField1":"aeff73ed-e4b7-4524-a893-577f8dcaf741","LabelGalleryTabularDataField2":"b3fb5c46-456d-49ef-b434-0e407d5664b8","LabelGalleryTabularDataField3":"198d1e56-96a6-4ec5-a897-6f84bf0bf545","LabelGalleryTabularDataField4":"cded6b86-85ff-49e2-97d7-c23426402a0b","LabelGalleryTabularDataField5":"94d140f6-6f41-4ad8-9ff6-5502c272989b","SeparatorGalleryTabularData":"778557ef-2a0e-4223-822b-26ac4e865992","TextMainMenu1GalleryInstructions":"df24ed10-749b-4c0c-a14b-580aafb8a064","ButtonMainMenu1OpenModal":"26b642e0-422a-426f-8bda-db7bce954801","RectangleMainMenu1Footer":"b71eedca-33fc-4663-be77-839cfef0d8bb","GroupTabularData":"b0234d23-631d-4980-b403-5f3c07a82830","DataCardMainContent2":"da8c1bf4-7fab-4908-b5b2-97ff3b52b080","TextInputMainMenu2Top":"2a64f8a7-dba9-4033-9874-062588eb9c13","ButtonMainMenu2Exit":"f99f9072-5b09-4a2d-a115-67932e43657a","TextMainMenu2Title":"66372870-4da0-4083-9864-97a9cd8dd214","TextMainMenu2Instructions":"44753a06-ab6f-4a00-a80a-47e04d54cc31","DropdownResultSetGroup":"d66a7b70-cbcd-4b89-b060-cfa923e9470d","TextInputResultSetSearch":"87e23b6d-fe6d-4846-8973-30d7cd37fdcf","ButtonResultSetClear":"2c6e3643-18e7-4299-9ab6-6cf6f850ca1e","ButtonResultSetSearch":"cd474add-3345-44e8-9c38-220814ccc952","TextResultSetCount":"a3fb3a14-06c3-4fa5-8734-21e2611b4893","TextResultSetPaginationPage":"5f75fc34-d56c-4c88-8ce6-0535d250201f","DropdownResultSetPage":"6233daa6-4695-47dd-971a-8eb76e76e812","TextResultSetPaginationTotal":"5333086d-f006-4d6c-9d48-ce7f310323a1","ButtonResultSetPaginationPrevious":"cf715a75-1f8f-4918-a210-08d6618d2c0d","ButtonResultSetPaginationNext":"c4525b49-633f-4585-b129-8414e184546f","ButtonResultSetHeading1":"b5d06d4b-8d57-48e2-b68f-434ffcd191bd","ButtonResultSetHeading2":"3e3a1be5-bc09-4373-811b-44d6b2173ae4","ButtonResultSetHeading3":"dc91c755-104a-4aba-92a1-4ca81c978ff6","ButtonResultSetHeading4":"36769216-64f7-4dd6-bb00-336949c64688","ButtonResultSetHeading5":"74b522b3-40a8-4bb5-bc2e-a733c58d9516","TextResultSetPlaceholder":"7daefcac-7a85-4e9f-b04a-2cbe8353aec2","GalleryResultSet":"d1a70b43-6677-4be3-b2ee-033d7e046701","galleryTemplate2_1":"e7490aeb-1ae0-4b9c-8267-cc13a72e6d08","LabelGalleryResultSetField1":"02bfd2f1-1daa-478d-9ab0-f4f63ab9a753","LabelGalleryResultSetField2":"081545a4-870d-4af6-862e-4679879a8742","LabelGalleryResultSetField3":"0b8d95ea-0d21-44f8-9916-cf01aea2b4a1","LabelGalleryResultSetField4":"b89fa11a-2a02-4d75-bd73-6ddf0c1f06bb","LabelGalleryResultSetField5":"564fe906-1ca9-47c2-9010-54dedc62c08f","SeparatorGalleryResultSet":"2bf5f743-1823-4787-b925-6cd12ce76ea8","ButtonMainMenu2OpenModal":"f5894a1d-667a-4f57-81ce-9d2251b19566","RectangleMainMenu2Footer":"fceff2ff-ad96-4214-b4d0-dd7528b2c75e","GroupResultSet":"40b85aa9-3ed4-4046-afee-70c06a2972e8","DataCardMainContent3":"1d2e7b2e-814b-4139-bc82-2722bd5f5236","TextInputMainMenu3Top":"074b9126-b9fb-40ce-abd0-db58b3a58e2c","ButtonMainMenu3Exit":"69683d93-8907-42d6-b124-a455e21ba225","TextMainMenu3Title":"fcd884f9-2c13-47e4-9267-1746ed2ea027","TextMainMenu3Instructions":"691e1265-93d1-476e-9d3a-220d6dd01fa4","ComboBoxExamplePerson":"e8037774-05f2-47f6-82f9-e4b587394369","DropdownExample":"bf25514e-f6e8-439a-8653-32ec05a8d9a6","CheckboxExample":"0493ba87-26db-42d0-972d-81990048da3f","RadioExample":"4c810769-3d55-4690-9f68-c767280b5977","ToggleExample":"b364f5fe-f8ba-436a-a2c7-db7d28b3fdde","ButtonMainMenu3OpenModal":"697dfb43-9427-469d-88c4-d05fa8bd8726","RectangleMainMenu3Footer":"a33cbb31-d78f-49e8-a37e-3ca66f38d017","RectangleMainModalPadding":"207b2551-0ac7-4606-909f-66a71f140bbd","CanvasMainModal":"be9ace99-2b5d-4808-bbec-8ef1389fd78a","DataCardMainModal1":"8d58e38a-17b6-4011-b149-9db781b08b9a","TextInputMainModal1Top":"8d64ac0e-6f5d-4ad3-967a-7ed81a109e15","ButtonMainModal1Close":"09ed2665-2c86-47c2-ae17-f3ff2d1ea1c6","TextMainModal1Title":"a1ddb75e-af35-41c6-9c3a-25e8805b1899","TextMainModal1Instructions":"aa4a666b-da5d-4bf7-aeb5-9139ab3375d8","ButtonMainModal1Primary":"2ba3bf8d-d478-4126-ae84-50869a4d10f5","ButtonMainModal1Secondary":"fa611e4a-45c1-4600-b8b2-7c5c007db002","TextMainModal1Processing":"52f1cd91-9686-43ab-92e0-94aaee67fe33","RectangleMainModal1Footer":"2213a4dc-7c36-45eb-a5c1-ca3117177b2e","DataCardMainModal2":"6d53cb56-c5ca-4c4c-88ce-c5961fffb401","TextInputMainModal2Top":"eb6854f6-c7e8-4aac-95ce-0be97194b8d8","ButtonMainModal2Close":"6054962d-abe0-4002-aeeb-97224cc23ac5","TextMainModal2Title":"3771f518-fd51-4604-b81c-dd53b3d2fcc7","TextMainModal2Instructions":"ebc1c165-33aa-43ed-8cae-00379759253d","ButtonMainModal2Primary":"6165d127-65c8-4690-a0e4-c9ab50755a2d","ButtonMainModal2Secondary":"54ee80bd-02f9-4335-b684-71384dd3cc35","TextMainModal2Processing":"051fc78c-4b42-48d3-b546-0421aeab1223","RectangleMainModal2Footer":"4ca4d1eb-f2e2-40ed-a82f-7f33cd9f3b10","DataCardMainModal3":"991df9cb-5b27-4618-978f-e4a461acc342","TextInputMainModal3Top":"65b30cdf-34d0-4cef-92b7-a52243e1d44a","ButtonMainModal3Close":"23e624f5-1146-49ef-9ea0-f84cb403a063","TextMainModal3Title":"636cb02e-b3b1-48ee-ac2f-662eb01afedf","TextMainModal3Instructions":"38b4ba23-a6a6-4a1f-b491-850a435fdd17","ButtonMainModal3Primary":"9833a981-074e-4661-8c93-885f244679b3","ButtonMainModal3Secondary":"d919ca00-f91d-4011-80b3-bbdc924f6397","TextMainModal3Processing":"a7883160-e94a-41bf-b8d5-0200ff947616","RectangleMainModal3Footer":"7b5a45b9-4586-4916-8205-0c5a9e973cc4","ButtonMainRedirect":"647ec067-9f35-407c-8788-a05e97d344b6","GalleryMainMenu":"918408be-8d27-4388-8727-e4cf9786fa19","galleryTemplate1":"d3ad2164-54e9-4151-9b0d-b1f5f1f98425","ButtonGalleryMainMenu":"c16138f3-8815-4e5b-8d8f-79f4bbd40079","RectangleGalleryMainMenu":"d7a2d5cb-26b9-4ccc-b58c-dea20eb82520","SystemScreen":"2146e027-c22a-4544-9c73-cd6b5d44845d","ButtonSystemExit":"532be60d-5971-4ad3-82e9-4e0ef552b44d","TextSystemMessage":"1161011d-1c86-41b6-a60d-a80b80f5ecbe"}