{"__Version":"0.1","App":"e501acde-09ff-4138-bb4a-0e87720b69f8","Test_7F478737223C4B69":"3df64b6b-3ef8-41bf-9e87-6db862d36afd","Host":"721e02b4-7aa0-4672-b38e-31e73ddf7e5a","RoutingScreen":"a4a068a4-d97c-4cec-8af6-5404c71979a2","ButtonRoutingNext":"70cb01b9-1f46-45f5-b5fb-04855dda0cd3","MainScreen":"26ab78d7-8f0c-4201-b988-d4850b3dc9fc","RectangleMainMenu":"82b57532-3c86-4959-822f-ebf4e4f8e091","ButtonMainHamburger":"83d4ad59-8e41-4a85-bf75-fa3baba54fd3","RectangleMainModalCover":"fd4d622a-2c62-452e-960c-0fd32becb800","CanvasMainContent":"90030e00-38ee-4572-b6fb-1b217af00078","DataCardMainContent1":"3484c822-5fa5-4bb9-8e17-0b8c8d45a61f","TextInputMainMenu1Top":"11bd5aa5-165f-45ce-943c-a27d3b709484","ButtonMainMenu1Exit":"cceccdef-4f5a-4bf2-9f90-7bd44dea0ea6","TextMainMenu1Title":"952b0ca7-11d9-4f4c-a13e-8ec30b6d5c24","TextMainMenu1MenuInstructions":"d8425049-9684-432e-aa82-ba000097dc13","TextInputTabularDataSearch":"3da78ad5-a481-44bf-bccb-98d667929767","ButtonTabularDataSearch":"d54fcccf-2b01-4f58-9bf1-f600efa97f20","ButtonTabularDataClear":"f261c17d-c6b3-45e6-9d77-9b0c139c9d18","TextTabularDataCount":"271a8bdf-cb11-4d27-97d9-e9e124d34e5f","TextTabularDataPaginationPage":"0eb1a94b-eb42-4bb3-9d11-8d72c19fbe85","DropdownTabularDataPage":"712d6cf5-7322-4364-9421-6bc8f8d262e8","TextTabularDataPaginationTotal":"9648e58c-53d7-4c71-bc9c-d245344e8ab8","ButtonTabularDataPaginationPrevious":"8a4db459-890b-4683-ad13-731d2488cb66","ButtonTabularDataPaginationNext":"2467d3e5-2d24-4827-b42c-6bc2bb715e79","ButtonTabularDataHeading1":"9dfe1ac3-8e3b-4492-82e0-097d3bd29ad8","ButtonTabularDataHeading2":"b5a4d1bb-3ccb-4234-8ac3-2f5cb51cdd1f","ButtonTabularDataHeading3":"73a6128c-9c5b-4621-84ad-a845ca27e13b","ButtonTabularDataHeading4":"a8b78b60-fc37-4ac8-bfbe-8463bc662e03","ButtonTabularDataHeading5":"1c344e00-68c3-40f1-bc1c-5371106b9d45","TextTabularDataPlaceholder":"03212748-20d4-4f59-a962-cceeb5120e00","GalleryTabularData":"7193562f-28e7-49ae-8c4d-fade43f06265","galleryTemplate2":"9b8e12b7-e3e5-4e75-b17f-a17a216336e5","LabelGalleryTabularDataField1":"e37d248e-72ac-4ccc-ba16-771d4cec5d9c","LabelGalleryTabularDataField2":"e352599b-56b0-480f-ad6f-4392e0554b99","LabelGalleryTabularDataField3":"11b7f1e7-0018-428f-b340-d0611dc6e363","LabelGalleryTabularDataField4":"96b51656-b639-49da-98ca-e90006515278","LabelGalleryTabularDataField5":"d637208a-a19c-4d28-acba-22d730b4dd89","SeparatorGalleryTabularData":"c450daa9-c7e7-4dd9-90c1-09db40b1771a","TextMainMenu1GalleryInstructions":"e6a517b3-57d6-4b50-935b-8bf772dff9a3","ButtonMainMenu1OpenModal":"953e7f47-7627-43b6-b086-f9000d87e5ad","RectangleMainMenu1Footer":"b42bfb6c-a4ff-43c9-a74f-38b8418756f8","GroupTabularData":"62530a00-222c-472a-a981-acb2da9d7071","DataCardMainContent2":"ecf3f61f-bfc6-46da-9b97-b336087582ac","TextInputMainMenu2Top":"9a622564-4579-4c9f-b787-b1281c4b0b82","ButtonMainMenu2Exit":"63a41302-10e0-466a-aee0-91346f6ecf16","TextMainMenu2Title":"4c971350-9e72-4d73-b8f0-2d71e6bbfe39","TextMainMenu2Instructions":"f33ddf2d-85be-466c-b702-a5ea75c256fd","DropdownResultSetGroup":"72ecde84-6552-48c4-bf70-1c223db3d5a0","TextInputResultSetSearch":"1601c27f-6492-4b60-b409-649bbaabe339","ButtonResultSetClear":"4932cf86-f12f-4679-aca3-61cbd35584a4","ButtonResultSetSearch":"0a19a36e-9ed0-4673-90a4-27119dcb256e","TextResultSetCount":"ad0ea6a6-ebbe-45d7-8afc-ecd3738dff52","TextResultSetPaginationPage":"e0cf25a7-0c95-453c-b556-a15520e2a948","DropdownResultSetPage":"a6819431-381b-4741-851a-bafbea5f84d1","TextResultSetPaginationTotal":"7850ade0-683b-4468-bfca-63e3fb90b50f","ButtonResultSetPaginationPrevious":"6cf9aac5-241b-4254-87ce-7ddf99576668","ButtonResultSetPaginationNext":"8a15f327-aa04-4902-8657-aa2bc70f80e3","ButtonResultSetHeading1":"e75eb3a5-aede-474a-b1be-76968a970d10","ButtonResultSetHeading2":"fd65adef-43be-4d72-8091-9cba206b3f41","ButtonResultSetHeading3":"025d1139-9b65-4fe4-a0f0-bb41ea1f0ede","ButtonResultSetHeading4":"b50693c8-e8d1-40e7-9cec-cecd1c0053df","ButtonResultSetHeading5":"819e24f9-8460-4044-b21e-63ee9773dd21","TextResultSetPlaceholder":"4e00641e-4a0c-4753-85f5-9e9821e994a1","GalleryResultSet":"36bbbe4b-a814-44a1-809b-89db23a1bd89","galleryTemplate2_1":"f5ee37c3-6c62-4db2-a3ae-1ff3ce879ba1","LabelGalleryResultSetField1":"204e846f-8345-4c8f-ad96-a28273636c03","LabelGalleryResultSetField2":"27f0a8c9-4780-407b-ba89-1de3bd73d77f","LabelGalleryResultSetField3":"04372d7b-ba90-4e57-a03e-7d93a4ff0555","LabelGalleryResultSetField4":"648fb98a-6443-4f48-9547-37bf654dcfc8","LabelGalleryResultSetField5":"1a74a8f3-ecdb-407d-8aba-e973eec41cc8","SeparatorGalleryResultSet":"bd3b6c69-15d2-44b6-a2ca-b33e3ce66f4b","ButtonMainMenu2OpenModal":"c9179d12-39a0-4ddd-b584-f1902f8706ec","RectangleMainMenu2Footer":"54e92f9e-4355-419d-a6a5-661e2ceb5863","GroupResultSet":"90372bfd-bf4e-4ed4-8f62-a957f4c66992","DataCardMainContent3":"aee23ee9-b5d2-408c-b433-c48a6ec10abc","TextInputMainMenu3Top":"7f910bb0-e142-4b2e-91ea-97341206b1ac","ButtonMainMenu3Exit":"bfce3b85-1bdb-4503-8b3c-2ba30e85e41e","TextMainMenu3Title":"8a3d1872-9935-4c5d-b4ff-0a61680445e3","TextMainMenu3Instructions":"de02985d-312d-4a58-9011-0672a2585e4d","ComboBoxExamplePerson":"932ab1ef-66ae-4672-a5a7-1648005a61e0","DropdownExample":"52f94e7e-b403-437f-93ff-e2fc041da245","CheckboxExample":"ec6ebc64-e4ac-4f0d-94c2-7715644c9380","RadioExample":"59c0c2fa-ce5e-4a77-a3b8-55c75861f54a","ToggleExample":"0c2c626d-649d-4e1e-928b-becf1411a86f","ButtonMainMenu3OpenModal":"6d77467a-691c-46e8-8bf1-46c7708f27f1","RectangleMainMenu3Footer":"f0dd6417-bbc2-4eac-ba44-6395305070fb","RectangleMainModalPadding":"daea16e2-45b1-44c0-8a1c-acb231e3718c","CanvasMainModal":"48444c48-0865-48ad-9f1f-c61e3b865dd0","DataCardMainModal1":"d8f833b2-1f93-48cf-a030-840847ea50ec","TextInputMainModal1Top":"9b20745e-c84a-4381-87d4-8872e6ad2967","ButtonMainModal1Close":"dcc9b478-7b15-437a-9d8c-efdfc4a4765b","TextMainModal1Title":"a6854a12-93bb-42ab-930b-ffed4f0b6fbf","TextMainModal1Instructions":"69798900-9778-4e66-8749-b08bee784985","TextMainModal1Validation":"00961628-e542-4f1a-bb4f-1e16cdc235b6","ButtonMainModal1Primary":"a9777eaf-1cea-4ae1-b449-fe39c1a7e368","ButtonMainModal1Secondary":"2b6a9f8a-977c-439b-b929-1d67c2400d81","TextMainModal1Processing":"e714c91f-7188-4e8a-95f6-d0208cd44025","RectangleMainModal1Footer":"e67a6c31-5a0f-4373-af24-0531a16188dc","DataCardMainModal2":"c4ea0e95-d147-48f5-ba00-85fd750d6ac2","TextInputMainModal2Top":"38635b90-6172-4a96-9e39-3ff9444fe6d7","ButtonMainModal2Close":"dafab10a-9abf-41bf-abf6-9ad1b2e320f5","TextMainModal2Title":"c871bdf4-4308-45e5-a80f-5c957f07297e","TextMainModal2Instructions":"f7294d56-bfa0-471f-8144-473e52f93d84","TextMainModal2Validation":"d8f8e321-abc9-491f-a0f7-ddeb9ce151e3","ButtonMainModal2Primary":"7f8991a2-769f-4fc5-b110-327b0c7486e6","ButtonMainModal2Secondary":"a8a5271b-5935-4292-aa11-034eddc47ac6","TextMainModal2Processing":"4230390d-2e77-40d8-8e5f-cb15261badd3","RectangleMainModal2Footer":"56f60790-4b0a-4e98-82cf-72b78f7557b1","DataCardMainModal3":"f0e96f2c-b442-468c-9cf7-cdfbbc9bd350","TextInputMainModal3Top":"a189b058-36af-4244-acad-b70c4315bfe5","ButtonMainModal3Close":"02f512ed-d8a8-40c2-a5ed-8bed6f940316","TextMainModal3Title":"4263bdbe-7f85-470c-9f4b-5b4a649ffef2","TextMainModal3Instructions":"91987d95-3649-4de6-a391-abed2bc6cb02","TextMainModal3Validation":"67aacd86-e3b9-4d54-bd4e-382c8cf8f756","ButtonMainModal3Primary":"609b23ee-261b-4e79-afc4-6ab0b3a1c1f9","ButtonMainModal3Secondary":"a8a1ecb3-b8db-4d11-a582-c7311532fb79","TextMainModal3Processing":"7c0860e7-1f96-41d4-8aca-326f7407102f","RectangleMainModal3Footer":"142da89b-692f-4f1a-98b3-914bb1ed6017","ButtonMainRedirect":"54ff2e6e-929a-4d67-9afc-aa48d8eb52c3","GalleryMainMenu":"a099b906-350e-402b-b907-288af7ada1c8","galleryTemplate1":"053b4094-a601-452a-859b-19dbd41a9587","ButtonGalleryMainMenu":"0e464f6b-2640-4c3f-bdb7-e6d8eb111af3","RectangleGalleryMainMenu":"30b18469-1b0c-4f52-9e79-915dc8bb214e","SystemScreen":"cfd1fda8-f55d-430b-96bf-4c2d854769ad","ButtonSystemExit":"7cb8a5ad-76e4-4683-b60e-ff308c2a0783","TextSystemMessage":"6736e29f-bcda-44be-99c6-70c7c3bd0874"}