{"schemaVersion":"1.0","appDefinitionTemplate":{"id":"/providers/Microsoft.PowerApps/apps/","type":"Microsoft.PowerApps/apps","tags":{"primaryDeviceWidth":"1527","primaryDeviceHeight":"683","supportsPortrait":"false","supportsLandscape":"true","primaryFormFactor":"Tablet","showStatusBar":"false","publisherVersion":"3.24102.15","minimumRequiredApiVersion":"2.2.0","hasComponent":"false","hasUnlockedComponent":"false","isUnifiedRootApp":"false","coauthoringEnabled":"true","multipleWritersEnabled":"true","acceptedCoauthoringTerms":"true","sienaVersion":"20241028T114421Z-3.24102.15.0"},"properties":{"appVersion":"2024-10-28T11:44:21Z","lifeCycleId":"Published","createdByClientVersion":{"major":3,"minor":24102,"build":15,"revision":0,"majorRevision":0,"minorRevision":0},"minClientVersion":{"major":3,"minor":24102,"build":15,"revision":0,"majorRevision":0,"minorRevision":0},"backgroundColor":"rgba(255, 255, 255, 1)","backgroundImageUri":"/8748379337928938653/N59c1fbaf-5c1b-4ff0-9238-d36fdd32ebf3-logoSmallFile","displayName":"SimpleModern-Tablet","description":"","commitMessage":"","appUris":{"documentUri":{"value":"/8748379337928938653/Nf1640fde-e7b6-4e62-8a98-9d5b1d47b994-document.msapp"},"imageUris":[],"additionalUris":[{"isSolutionAware":false,"value":"/8748379337928938653/N499e1975-0a43-48f3-864b-0a5b30dd8535-identity.json"}]},"createdTime":"0001-01-01T00:00:00Z","lastModifiedTime":"0001-01-01T00:00:00Z","sharedGroupsCount":0,"sharedUsersCount":0,"connectionReferences":{},"databaseReferences":{},"almMode":"Environment","performanceOptimizationEnabled":false,"canConsumeAppPass":false,"enableModernRuntimeMode":false,"executionRestrictions":{"isTeamsOnly":false,"dataLossPreventionEvaluationResult":{"status":"Compliant","lastEvaluationDate":"2024-10-25T03:59:06.7085166Z","violations":[],"violationsByPolicy":[],"violationErrorMessage":"The app uses the following connectors: ."}}},"appType":"ClassicCanvasApp","appComponents":[]}}