{"schemaVersion":"1.0","appDefinitionTemplate":{"id":"/providers/Microsoft.PowerApps/apps/","type":"Microsoft.PowerApps/apps","tags":{"primaryDeviceWidth":"1207","primaryDeviceHeight":"600","supportsPortrait":"false","supportsLandscape":"true","primaryFormFactor":"Tablet","showStatusBar":"false","publisherVersion":"3.24103.17","minimumRequiredApiVersion":"2.2.0","hasComponent":"false","hasUnlockedComponent":"false","isUnifiedRootApp":"false","coauthoringEnabled":"true","multipleWritersEnabled":"true","acceptedCoauthoringTerms":"true","sienaVersion":"20241104T015311Z-3.24103.17.0"},"properties":{"appVersion":"2024-11-04T01:53:11Z","lifeCycleId":"Published","createdByClientVersion":{"major":3,"minor":24103,"build":17,"revision":0,"majorRevision":0,"minorRevision":0},"minClientVersion":{"major":3,"minor":24103,"build":17,"revision":0,"majorRevision":0,"minorRevision":0},"backgroundColor":"rgba(255, 255, 255, 1)","backgroundImageUri":"/8748379337928938653/N2eab0cf9-94da-4862-970b-12cc20821978-logoSmallFile","displayName":"SimpleModern-Tablet","description":"","commitMessage":"","appUris":{"documentUri":{"value":"/8748379337928938653/N30806ddc-f73c-450b-b7e4-1ee9df358b98-document.msapp"},"imageUris":[],"additionalUris":[{"isSolutionAware":false,"value":"/8748379337928938653/N6a22b76b-25aa-4b26-adfa-df7c171a1319-identity.json"}]},"createdTime":"0001-01-01T00:00:00Z","lastModifiedTime":"0001-01-01T00:00:00Z","sharedGroupsCount":0,"sharedUsersCount":0,"connectionReferences":{},"databaseReferences":{},"almMode":"Environment","performanceOptimizationEnabled":false,"canConsumeAppPass":false,"enableModernRuntimeMode":false,"executionRestrictions":{"isTeamsOnly":false,"dataLossPreventionEvaluationResult":{"status":"Compliant","lastEvaluationDate":"2024-10-25T03:59:06.7085166Z","violations":[],"violationsByPolicy":[],"violationErrorMessage":"The app uses the following connectors: ."}}},"appType":"ClassicCanvasApp","appComponents":[]}}