{"schemaVersion":"1.0","appDefinitionTemplate":{"id":"/providers/Microsoft.PowerApps/apps/","type":"Microsoft.PowerApps/apps","tags":{"primaryDeviceWidth":"1207","primaryDeviceHeight":"600","supportsPortrait":"false","supportsLandscape":"true","primaryFormFactor":"Tablet","showStatusBar":"false","publisherVersion":"3.24104.14","minimumRequiredApiVersion":"2.2.0","hasComponent":"false","hasUnlockedComponent":"false","isUnifiedRootApp":"false","coauthoringEnabled":"true","multipleWritersEnabled":"true","acceptedCoauthoringTerms":"true","sienaVersion":"20241106T020313Z-3.24104.14.0"},"properties":{"appVersion":"2024-11-06T02:03:13Z","lifeCycleId":"Published","createdByClientVersion":{"major":3,"minor":24104,"build":14,"revision":0,"majorRevision":0,"minorRevision":0},"minClientVersion":{"major":3,"minor":24104,"build":14,"revision":0,"majorRevision":0,"minorRevision":0},"backgroundColor":"rgba(255, 255, 255, 1)","backgroundImageUri":"/8748379337928938653/Nf0c94b29-4166-4914-b103-4aa81e3779b6-logoSmallFile","displayName":"SimpleModern-Tablet","description":"","commitMessage":"","appUris":{"documentUri":{"value":"/8748379337928938653/Ne59490fd-7b24-4d64-a2b5-3fcc1e529d9a-document.msapp"},"imageUris":[],"additionalUris":[{"isSolutionAware":false,"value":"/8748379337928938653/N6dd2a26b-ad5d-4b25-b15e-8dcd28c84d11-identity.json"}]},"createdTime":"0001-01-01T00:00:00Z","lastModifiedTime":"0001-01-01T00:00:00Z","sharedGroupsCount":0,"sharedUsersCount":0,"connectionReferences":{},"databaseReferences":{},"almMode":"Environment","performanceOptimizationEnabled":false,"canConsumeAppPass":false,"enableModernRuntimeMode":false,"executionRestrictions":{"isTeamsOnly":false,"dataLossPreventionEvaluationResult":{"status":"Compliant","lastEvaluationDate":"2024-10-25T03:59:06.7085166Z","violations":[],"violationsByPolicy":[],"violationErrorMessage":"The app uses the following connectors: ."}}},"appType":"ClassicCanvasApp","appComponents":[]}}