{"__Version":"0.1","App":"e992f94d-d505-45ba-9319-0682308fde7b","Test_7F478737223C4B69":"5ec07862-e618-48f6-84f4-7f85aca48e9d","Host":"e4517bd0-3359-4a1f-ab6b-836e5ad2e86f","RoutingScreen":"579eb410-8f35-4048-b7f0-7f8155ea8fc4","ButtonRoutingNext":"497cd160-a214-4241-8993-e9e54f864518","MainScreen":"d3f3bed7-056f-4102-83d3-9f768c511795","RectangleMainMenu":"8384641d-683d-4db2-9f3a-9c390fdc930f","ButtonMainHamburger":"fcc80fa5-af73-4343-9919-ff9c08361c15","RectangleMainModalCover":"be2257bb-dc1e-428f-8d4e-64718bafa6bd","CanvasMainContent":"21ec647d-49af-4923-84dc-b848fae7c1bb","DataCardMainContent1":"2f10e006-fea2-4065-bb9c-9f47098f2ece","TextInputMainMenu1Top":"4a4dd678-9756-4670-8783-694f9671ca0d","TextMainMenu1Title":"34352f77-fac6-42e0-b522-ecac26d7c2d2","TextMainMenu1MenuInstructions":"1664beca-9c36-42da-9d7a-636a13daf0bd","ButtonTabularDataHeading1":"55a7e664-94b9-4cf1-820b-c3e3808cc175","ButtonTabularDataHeading2":"57d1bfac-5c42-49ea-b39a-cc06cba249cb","ButtonTabularDataHeading3":"bee929fd-6eeb-4ac3-bbe1-6e012dfaa919","ButtonTabularDataHeading4":"7da3d60b-1008-4490-a1f1-aaf5d65aa7c5","ButtonTabularDataHeading5":"1e758f23-8645-480d-8b4a-5d7cd2abf3fc","GalleryTabularData":"87c1c6e6-54b3-42a8-9983-27b364bd6598","galleryTemplate2":"b9627b14-efb8-4426-8c00-c62a6cceeb28","LabelGalleryTabularDataField1":"38404243-a3df-48cb-a72c-12774094630e","LabelGalleryTabularDataField2":"7a1266ce-e95d-4cf3-9253-ea9024755fb7","LabelGalleryTabularDataField3":"473399a1-37fe-4f11-b7a3-f6e6123b83cb","LabelGalleryTabularDataField4":"ae6b4213-132e-4587-915f-f0f6494d47d5","LabelGalleryTabularDataField5":"9805aeb8-5dbe-4262-8e7e-b3045c622dc6","SeparatorGalleryTabularData":"28349dda-ac6f-4bbb-83ad-26117a445f2f","ButtonMainMenu1OpenModal":"ae590158-efeb-4cb2-8d99-844b19db4e19","RectangleMainMenu1Footer":"c2a53394-fe0e-4dfb-9373-c2a65a712b91","DataCardMainContent2":"d3fbfbbf-7045-4c29-a31d-0d8be08b073c","TextInputMainMenu2Top":"2b450aab-6322-4686-8bb0-237fe1ea27d6","TextMainMenu2Title":"154dc116-8ee5-4b1f-b650-41028c3c57a1","TextMainMenu2Instructions":"3d7a07c8-421a-48c5-9083-5061a00d0b97","ButtonMainMenu2OpenModal":"e7fe1003-3907-40cf-87d0-4eb37eb70ff1","RectangleMainMenu2Footer":"f6c02314-e6a0-47dc-9fe2-e0980ffd351d","DataCardMainContent3":"77c025ba-f733-4fb7-a90c-e265614d64e0","TextInputMainMenu3Top":"331e4dfc-8681-489c-bab8-98b267a91798","TextMainMenu3Title":"fbd65b47-08b6-407a-a652-2532ace64be9","TextMainMenu3Instructions":"761bf24a-d1bb-4c80-8d38-64e71c26ae92","ButtonMainMenu3OpenModal":"4b6befd1-a5e2-4c09-a03c-409b6de440b1","RectangleMainMenu3Footer":"39371d58-9a87-4413-8f14-bd71177f214e","RectangleMainModalPadding":"ca0327f1-9b63-4fcb-a47f-5dfef540967a","CanvasMainModal":"618e9edf-f438-464e-8c53-491235907831","DataCardMainModal1":"eef2db8a-e389-48ef-a5fc-6e839f3c9c09","TextInputMainModal1Top":"86c02d97-02e6-4092-bac0-82511458d49d","ButtonMainModal1Close":"68746a5a-8263-4f45-8acb-e90718969f90","TextMainModal1Title":"2b3a9269-340b-487f-9f0d-7096feefa796","TextMainModal1Instructions":"7bd52cf1-3852-42a9-b860-0844399f14f0","ButtonMainModal1Primary":"5c74409d-b3fe-4591-a6c8-73407272fbcf","ButtonMainModal1Secondary":"0b58d3b2-d039-4e98-8d9c-c668e7941541","RectangleMainModal1Footer":"e417de23-7177-4b45-bcde-41c51a1099ae","DataCardMainModal2":"0a7fc3d8-daae-4893-80fc-0ecc7d7577fe","TextInputMainModal2Top":"90a3f61d-9c44-49e2-aef5-924d43e0b3ba","ButtonMainModal2Close":"90f50791-bc14-4cbc-bb8c-aa49965e6027","TextMainModal2Title":"11467f7d-bfd0-4a6e-be3b-fc507f14367c","TextMainModal2Instructions":"e5c17ec4-e49d-49ac-95e6-803b973546ab","ButtonMainModal2Primary":"b78403cc-f0c0-46ce-b946-edf1301fefe1","ButtonMainModal2Secondary":"1b445f32-c5dd-4946-9c77-b0b3115b7592","RectangleMainModal2Footer":"49c71c5a-a0d4-435c-a997-98c8e9b9fec6","DataCardMainModal3":"9931f2d8-f5ec-46fd-bdbe-fdf684a01126","TextInputMainModal3Top":"08436f83-720f-4c9d-9ee5-5f7216c53ac4","ButtonMainModal3Close":"c098aa71-46a6-4615-ada5-90301379b58e","TextMainModal3Title":"24e52e61-c9b6-49f6-8b7a-065e6cad0df6","TextMainModal3Instructions":"80ad2e35-cf16-4ee2-9c2b-0682883bd17d","ButtonMainModal3Primary":"4a0e896d-da85-4e07-8630-02928274fb6f","ButtonMainModal3Secondary":"15610e6f-ee65-4c51-a5bd-18fa9b6f2656","RectangleMainModal3Footer":"70fcf44f-79dc-4372-bd70-e7dcc9a081f5","GalleryMainMenu":"6163d667-a8b5-4389-ab52-2d6f702ec154","galleryTemplate1":"00df6e2e-979d-4b50-b14a-31386b26e9e4","ButtonGalleryMainMenu":"d99246b0-8f22-49bd-8e2c-b8f6efeef9d2","RectangleGalleryMainMenu":"39a6b61e-e4ec-43bc-8fa4-1c6f3e65d49e","TextMainMenu1GalleryInstructions":"62c01421-2390-4b4c-8d94-940b1ac856af","TextInputTabularDataSearch":"77de29ee-9217-4231-b013-85ffae6a8944","ButtonTabularDataSearch":"8ab004cf-2d4d-4349-b347-755e28071a50","ButtonTabularDataClear":"83aabfd2-b4ce-4b0a-bd4e-a715543ae035","TextTabularDataPaginationPage":"4ccd79e5-aba9-44d1-8b12-2714c07fc8d5","TextTabularDataPaginationTotal":"7aaaac91-0846-40bf-a3a1-02847a543649","DropdownTabularDataPage":"f67d8892-d8fd-4ab5-af8a-54c208afbd21","ButtonTabularDataPaginationPrevious":"adcb13d5-5f5c-4dc4-802f-ba34da7a9127","ButtonTabularDataPaginationNext":"879ecd57-e976-4c00-a05e-ccf554dcddd1"}